timestamp,dataset,method,params,trace_count,repeat,runtime_seconds,actual_bins,tag_k
2026-05-12T09:42:32.891758,clean,naive,{'bins': 5},1,0,0.06704460002947599,5,2
2026-05-12T09:42:32.960615,clean,naive,{'bins': 5},1,1,0.06828170001972467,5,2
2026-05-12T09:42:33.030244,clean,naive,{'bins': 5},1,2,0.06909419992007315,5,2
2026-05-12T09:42:33.097673,clean,naive,{'bins': 5},1,3,0.06692279991693795,5,2
2026-05-12T09:42:33.167359,clean,naive,{'bins': 5},1,4,0.06918489991221577,5,2
2026-05-12T09:42:33.431677,clean,naive,{'bins': 5},2,0,0.2624701999593526,5,2
2026-05-12T09:42:33.690155,clean,naive,{'bins': 5},2,1,0.25797239993698895,5,2
2026-05-12T09:42:33.942992,clean,naive,{'bins': 5},2,2,0.2521211999701336,5,2
2026-05-12T09:42:34.204032,clean,naive,{'bins': 5},2,3,0.2605404000496492,5,2
2026-05-12T09:42:34.451242,clean,naive,{'bins': 5},2,4,0.24674290011171252,5,2
2026-05-12T09:42:34.933043,clean,naive,{'bins': 5},3,0,0.47989980003330857,5,2
2026-05-12T09:42:35.414634,clean,naive,{'bins': 5},3,1,0.48108649998903275,5,2
2026-05-12T09:42:35.892518,clean,naive,{'bins': 5},3,2,0.4774262000573799,5,2
2026-05-12T09:42:36.370203,clean,naive,{'bins': 5},3,3,0.47720759990625083,5,2
2026-05-12T09:42:36.847775,clean,naive,{'bins': 5},3,4,0.4771104999817908,5,2
2026-05-12T09:42:37.727065,clean,naive,{'bins': 5},4,0,0.8771201999625191,5,2
2026-05-12T09:42:38.595822,clean,naive,{'bins': 5},4,1,0.8682827999582514,5,2
2026-05-12T09:42:39.473398,clean,naive,{'bins': 5},4,2,0.8771049999631941,5,2
2026-05-12T09:42:40.390199,clean,naive,{'bins': 5},4,3,0.9163132000248879,5,2
2026-05-12T09:42:41.269130,clean,naive,{'bins': 5},4,4,0.8784226999850944,5,2
2026-05-12T09:42:42.542494,clean,naive,{'bins': 5},5,0,1.2710509999888018,5,2
2026-05-12T09:42:43.790558,clean,naive,{'bins': 5},5,1,1.2476226999424398,5,2
2026-05-12T09:42:45.040108,clean,naive,{'bins': 5},5,2,1.248975700000301,5,2
2026-05-12T09:42:46.288133,clean,naive,{'bins': 5},5,3,1.247555400012061,5,2
2026-05-12T09:42:47.577906,clean,naive,{'bins': 5},5,4,1.2893125000409782,5,2
2026-05-12T09:42:49.400953,clean,naive,{'bins': 5},6,0,1.8205393999814987,5,2
2026-05-12T09:42:51.191986,clean,naive,{'bins': 5},6,1,1.7905506000388414,5,2
2026-05-12T09:42:52.983750,clean,naive,{'bins': 5},6,2,1.7912850000429899,5,2
2026-05-12T09:42:54.820827,clean,naive,{'bins': 5},6,3,1.8365339000010863,5,2
2026-05-12T09:42:56.596271,clean,naive,{'bins': 5},6,4,1.7749010999687016,5,2
2026-05-12T09:42:58.865178,clean,naive,{'bins': 5},7,0,2.2662196999881417,5,2
2026-05-12T09:43:01.228756,clean,naive,{'bins': 5},7,1,2.3630352000473067,5,2
2026-05-12T09:43:03.548295,clean,naive,{'bins': 5},7,2,2.3190936000319198,5,2
2026-05-12T09:43:05.831742,clean,naive,{'bins': 5},7,3,2.283015300054103,5,2
2026-05-12T09:43:08.168931,clean,naive,{'bins': 5},7,4,2.3366895999060944,5,2
2026-05-12T09:43:11.130763,clean,naive,{'bins': 5},8,0,2.9588997000828385,5,2
2026-05-12T09:43:14.120326,clean,naive,{'bins': 5},8,1,2.989077299949713,5,2
2026-05-12T09:43:17.069516,clean,naive,{'bins': 5},8,2,2.948693300015293,5,2
2026-05-12T09:43:20.049065,clean,naive,{'bins': 5},8,3,2.9790351999690756,5,2
2026-05-12T09:43:23.019613,clean,naive,{'bins': 5},8,4,2.9700550000416115,5,2
2026-05-12T09:43:26.767975,clean,naive,{'bins': 5},9,0,3.7449545999988914,5,2
2026-05-12T09:43:30.496204,clean,naive,{'bins': 5},9,1,3.7275640999432653,5,2
2026-05-12T09:43:34.228094,clean,naive,{'bins': 5},9,2,3.731387999956496,5,2
2026-05-12T09:43:37.956081,clean,naive,{'bins': 5},9,3,3.727474999963306,5,2
2026-05-12T09:43:41.694083,clean,naive,{'bins': 5},9,4,3.7374972000252455,5,2
2026-05-12T09:43:46.302076,clean,naive,{'bins': 5},10,0,4.604388399980962,5,2
2026-05-12T09:43:50.853090,clean,naive,{'bins': 5},10,1,4.550521699944511,5,2
2026-05-12T09:43:55.400759,clean,naive,{'bins': 5},10,2,4.547175899962895,5,2
2026-05-12T09:43:59.990012,clean,naive,{'bins': 5},10,3,4.588710899930447,5,2
2026-05-12T09:44:04.627637,clean,naive,{'bins': 5},10,4,4.6370784000027925,5,2
2026-05-12T09:44:10.181274,clean,naive,{'bins': 5},11,0,5.550036599976011,5,2
2026-05-12T09:44:15.698284,clean,naive,{'bins': 5},11,1,5.516508200089447,5,2
2026-05-12T09:44:21.230152,clean,naive,{'bins': 5},11,2,5.531201200094074,5,2
2026-05-12T09:44:26.838214,clean,naive,{'bins': 5},11,3,5.607486500055529,5,2
2026-05-12T09:44:32.463256,clean,naive,{'bins': 5},11,4,5.624468499911018,5,2
2026-05-12T09:44:39.053842,clean,naive,{'bins': 5},12,0,6.5864143000217155,5,2
2026-05-12T09:44:45.645567,clean,naive,{'bins': 5},12,1,6.591221300070174,5,2
2026-05-12T09:44:52.318299,clean,naive,{'bins': 5},12,2,6.67222499998752,5,2
2026-05-12T09:44:58.966696,clean,naive,{'bins': 5},12,3,6.6478081999812275,5,2
2026-05-12T09:45:05.568557,clean,naive,{'bins': 5},12,4,6.601370199932717,5,2
2026-05-12T09:45:12.481522,clean,naive,{'bins': 5},13,0,6.908754699979909,5,2
2026-05-12T09:45:19.285776,clean,naive,{'bins': 5},13,1,6.803744799923152,5,2
2026-05-12T09:45:26.194187,clean,naive,{'bins': 5},13,2,6.907846700050868,5,2
2026-05-12T09:45:33.040509,clean,naive,{'bins': 5},13,3,6.845818499918096,5,2
2026-05-12T09:45:39.873200,clean,naive,{'bins': 5},13,4,6.832159699988551,5,2
2026-05-12T09:45:47.854983,clean,naive,{'bins': 5},14,0,7.977288100053556,5,2
2026-05-12T09:45:55.770792,clean,naive,{'bins': 5},14,1,7.915298399981111,5,2
2026-05-12T09:46:03.801018,clean,naive,{'bins': 5},14,2,8.029713300056756,5,2
2026-05-12T09:46:11.745771,clean,naive,{'bins': 5},14,3,7.944198700017296,5,2
2026-05-12T09:46:19.727154,clean,naive,{'bins': 5},14,4,7.980855100089684,5,2
2026-05-12T09:46:28.524624,clean,naive,{'bins': 5},15,0,8.792620100080967,5,2
2026-05-12T09:46:37.463169,clean,naive,{'bins': 5},15,1,8.938040800043382,5,2
2026-05-12T09:46:46.325061,clean,naive,{'bins': 5},15,2,8.86139400000684,5,2
2026-05-12T09:46:55.221701,clean,naive,{'bins': 5},15,3,8.896153300069273,5,2
2026-05-12T09:47:04.038594,clean,naive,{'bins': 5},15,4,8.816401000018232,5,2
2026-05-12T09:47:13.912114,clean,naive,{'bins': 5},16,0,9.868745299987495,5,2
2026-05-12T09:47:23.763717,clean,naive,{'bins': 5},16,1,9.851106000016443,5,2
2026-05-12T09:47:33.589169,clean,naive,{'bins': 5},16,2,9.82488369999919,5,2
2026-05-12T09:47:43.479461,clean,naive,{'bins': 5},16,3,9.889786000014283,5,2
2026-05-12T09:47:53.314220,clean,naive,{'bins': 5},16,4,9.834187199943699,5,2
2026-05-12T09:48:04.580222,clean,naive,{'bins': 5},17,0,11.260791999986395,5,2
2026-05-12T09:48:15.790145,clean,naive,{'bins': 5},17,1,11.209419299964793,5,2
2026-05-12T09:48:27.127249,clean,naive,{'bins': 5},17,2,11.336566899903119,5,2
2026-05-12T09:48:38.460628,clean,naive,{'bins': 5},17,3,11.332849499885924,5,2
2026-05-12T09:48:49.785137,clean,naive,{'bins': 5},17,4,11.324009999982081,5,2
2026-05-12T09:49:02.453779,clean,naive,{'bins': 5},18,0,12.663391700014472,5,2
2026-05-12T09:49:15.149751,clean,naive,{'bins': 5},18,1,12.695448799990118,5,2
2026-05-12T09:49:28.088868,clean,naive,{'bins': 5},18,2,12.9386190000223,5,2
2026-05-12T09:49:40.837330,clean,naive,{'bins': 5},18,3,12.747944199945778,5,2
2026-05-12T09:49:53.631372,clean,naive,{'bins': 5},18,4,12.793486499926075,5,2
2026-05-12T09:50:07.803254,clean,naive,{'bins': 5},19,0,14.166075799963437,5,2
2026-05-12T09:50:22.170415,clean,naive,{'bins': 5},19,1,14.366582100046799,5,2
2026-05-12T09:50:36.501691,clean,naive,{'bins': 5},19,2,14.330820100032724,5,2
2026-05-12T09:50:50.747773,clean,naive,{'bins': 5},19,3,14.245598700013943,5,2
2026-05-12T09:51:05.017031,clean,naive,{'bins': 5},19,4,14.268690099939704,5,2
2026-05-12T09:51:20.873099,clean,naive,{'bins': 5},20,0,15.850130700040609,5,2
2026-05-12T09:51:36.800681,clean,naive,{'bins': 5},20,1,15.927029399899766,5,2
2026-05-12T09:51:52.617609,clean,naive,{'bins': 5},20,2,15.816392600070685,5,2
2026-05-12T09:52:08.441262,clean,naive,{'bins': 5},20,3,15.823208999936469,5,2
2026-05-12T09:52:24.321172,clean,naive,{'bins': 5},20,4,15.879321800079197,5,2
2026-05-12T09:52:41.802895,clean,naive,{'bins': 5},21,0,17.47584630001802,5,2
2026-05-12T09:52:59.275826,clean,naive,{'bins': 5},21,1,17.47243039996829,5,2
2026-05-12T09:53:16.701910,clean,naive,{'bins': 5},21,2,17.425578799913637,5,2
2026-05-12T09:53:34.089230,clean,naive,{'bins': 5},21,3,17.38683650002349,5,2
2026-05-12T09:53:51.511473,clean,naive,{'bins': 5},21,4,17.42172019998543,5,2
2026-05-12T09:54:10.629349,clean,naive,{'bins': 5},22,0,19.111755799967796,5,2
2026-05-12T09:54:29.798862,clean,naive,{'bins': 5},22,1,19.168943999917246,5,2
2026-05-12T09:54:48.904306,clean,naive,{'bins': 5},22,2,19.104935799958184,5,2
2026-05-12T09:55:08.006609,clean,naive,{'bins': 5},22,3,19.101792500005104,5,2
2026-05-12T09:55:27.030618,clean,naive,{'bins': 5},22,4,19.023494399967603,5,2
2026-05-12T09:55:48.089509,clean,naive,{'bins': 5},23,0,21.05243739997968,5,2
2026-05-12T09:56:09.228904,clean,naive,{'bins': 5},23,1,21.138908299966715,5,2
2026-05-12T09:56:30.349710,clean,naive,{'bins': 5},23,2,21.120311299921013,5,2
2026-05-12T09:56:51.513993,clean,naive,{'bins': 5},23,3,21.163798499968834,5,2
2026-05-12T09:57:12.596320,clean,naive,{'bins': 5},23,4,21.08183239994105,5,2
2026-05-12T09:57:35.758414,clean,naive,{'bins': 5},24,0,23.155620699981228,5,2
2026-05-12T09:57:58.871134,clean,naive,{'bins': 5},24,1,23.112247199984267,5,2
2026-05-12T09:58:21.983017,clean,naive,{'bins': 5},24,2,23.11140259995591,5,2
2026-05-12T09:58:45.040881,clean,naive,{'bins': 5},24,3,23.057346499990672,5,2
2026-05-12T09:59:08.107380,clean,naive,{'bins': 5},24,4,23.065985799999908,5,2
2026-05-12T09:59:33.592149,clean,naive,{'bins': 5},25,0,25.477889899979346,5,2
2026-05-12T09:59:59.038980,clean,naive,{'bins': 5},25,1,25.446342599927448,5,2
2026-05-12T10:00:24.629926,clean,naive,{'bins': 5},25,2,25.590443000080995,5,2
2026-05-12T10:00:50.214679,clean,naive,{'bins': 5},25,3,25.584298399975523,5,2
2026-05-12T10:01:15.738445,clean,naive,{'bins': 5},25,4,25.523274999926798,5,2
2026-05-12T10:01:43.386999,clean,naive,{'bins': 5},26,0,27.641760999918915,5,2
2026-05-12T10:02:11.331033,clean,naive,{'bins': 5},26,1,27.943471200065687,5,2
2026-05-12T10:02:39.155442,clean,naive,{'bins': 5},26,2,27.82383090001531,5,2
2026-05-12T10:03:06.808928,clean,naive,{'bins': 5},26,3,27.652995300013572,5,2
2026-05-12T10:03:34.659298,clean,naive,{'bins': 5},26,4,27.84989409998525,5,2
2026-05-12T10:04:04.649477,clean,naive,{'bins': 5},27,0,29.98326420004014,5,2
2026-05-12T10:04:34.713945,clean,naive,{'bins': 5},27,1,30.063928099931218,5,2
2026-05-12T10:05:04.751653,clean,naive,{'bins': 5},27,2,30.03720300004352,5,2
2026-05-12T10:05:34.959452,clean,naive,{'bins': 5},27,3,30.20729160006158,5,2
2026-05-12T10:06:05.120798,clean,naive,{'bins': 5},27,4,30.160834399983287,5,2
2026-05-12T10:06:36.944143,clean,naive,{'bins': 5},28,0,31.815757400006987,5,2
2026-05-12T10:07:08.840604,clean,naive,{'bins': 5},28,1,31.895946000004187,5,2
2026-05-12T10:07:40.932475,clean,naive,{'bins': 5},28,2,32.091377899982035,5,2
2026-05-12T10:08:12.831620,clean,naive,{'bins': 5},28,3,31.898645799956284,5,2
2026-05-12T10:08:44.602604,clean,naive,{'bins': 5},28,4,31.77041440003086,5,2
2026-05-12T10:09:18.786718,clean,naive,{'bins': 5},29,0,34.1766833999427,5,2
2026-05-12T10:09:52.823706,clean,naive,{'bins': 5},29,1,34.03649220010266,5,2
2026-05-12T10:10:26.949524,clean,naive,{'bins': 5},29,2,34.125262500019744,5,2
2026-05-12T10:11:01.168843,clean,naive,{'bins': 5},29,3,34.218765199999325,5,2
2026-05-12T10:11:35.169124,clean,naive,{'bins': 5},29,4,33.99978379998356,5,2
2026-05-12T10:12:11.743014,clean,naive,{'bins': 5},30,0,36.56600770005025,5,2
2026-05-12T10:12:48.389877,clean,naive,{'bins': 5},30,1,36.64636310003698,5,2
2026-05-12T10:13:25.020700,clean,naive,{'bins': 5},30,2,36.63030900002923,5,2
2026-05-12T10:14:01.768306,clean,naive,{'bins': 5},30,3,36.747119400068186,5,2
2026-05-12T10:14:38.401764,clean,naive,{'bins': 5},30,4,36.63294219993986,5,2
2026-05-12T10:15:17.093883,clean,naive,{'bins': 5},31,0,38.6841839000117,5,2
2026-05-12T10:15:57.232090,clean,naive,{'bins': 5},31,1,38.84010010003112,5,2
2026-05-12T10:16:35.770099,clean,naive,{'bins': 5},31,2,38.537366100004874,5,2
2026-05-12T10:17:14.190646,clean,naive,{'bins': 5},31,3,38.42005439999048,5,2
2026-05-12T10:17:52.606940,clean,naive,{'bins': 5},31,4,38.41574650001712,5,2
2026-05-12T10:18:33.649873,clean,naive,{'bins': 5},32,0,41.03462099994067,5,2
2026-05-12T10:19:14.834764,clean,naive,{'bins': 5},32,1,41.18435180000961,5,2
2026-05-12T10:19:55.938373,clean,naive,{'bins': 5},32,2,41.103117900085635,5,2
2026-05-12T10:20:37.397268,clean,naive,{'bins': 5},32,3,41.458397899987176,5,2
2026-05-12T10:21:18.581023,clean,naive,{'bins': 5},32,4,41.18323700001929,5,2
2026-05-12T10:22:02.525324,clean,naive,{'bins': 5},33,0,43.935867200023495,5,2
2026-05-12T10:22:46.175738,clean,naive,{'bins': 5},33,1,43.64991989999544,5,2
2026-05-12T10:23:29.985696,clean,naive,{'bins': 5},33,2,43.809432700043544,5,2
2026-05-12T10:24:13.772006,clean,naive,{'bins': 5},33,3,43.78579120000359,5,2
2026-05-12T10:24:57.408057,clean,naive,{'bins': 5},33,4,43.63548359996639,5,2
2026-05-12T10:25:43.972705,clean,naive,{'bins': 5},34,0,46.520306100021116,5,2
2026-05-12T10:26:30.897291,clean,naive,{'bins': 5},34,1,46.92399929999374,5,2
2026-05-12T10:27:17.855672,clean,naive,{'bins': 5},34,2,46.95784399996046,5,2
2026-05-12T10:28:05.002699,clean,naive,{'bins': 5},34,3,47.146535900072195,5,2
2026-05-12T10:28:52.250373,clean,naive,{'bins': 5},34,4,47.24716949998401,5,2
2026-05-12T10:29:42.076675,clean,naive,{'bins': 5},35,0,49.81715460005216,5,2
2026-05-12T10:30:31.876331,clean,naive,{'bins': 5},35,1,49.79914999997709,5,2
2026-05-12T10:31:22.148650,clean,naive,{'bins': 5},35,2,50.27174589992501,5,2
2026-05-12T10:32:12.202547,clean,naive,{'bins': 5},35,3,50.05341139994562,5,2
2026-05-12T10:33:02.000257,clean,naive,{'bins': 5},35,4,49.797133399988525,5,2
2026-05-12T10:33:56.253144,clean,naive,{'bins': 5},36,0,54.24373149999883,5,2
2026-05-12T10:34:48.530028,clean,naive,{'bins': 5},36,1,52.27622230001725,5,2
2026-05-12T10:35:40.517931,clean,naive,{'bins': 5},36,2,51.987311300006695,5,2
2026-05-12T10:36:32.341739,clean,naive,{'bins': 5},36,3,51.82327809999697,5,2
2026-05-12T10:37:24.370210,clean,naive,{'bins': 5},36,4,52.02788429998327,5,2
2026-05-12T10:38:19.934574,clean,naive,{'bins': 5},37,0,55.55492080003023,5,2
2026-05-12T10:39:15.123599,clean,naive,{'bins': 5},37,1,55.18843259999994,5,2
2026-05-12T10:40:10.266894,clean,naive,{'bins': 5},37,2,55.14273159997538,5,2
2026-05-12T10:41:05.729737,clean,naive,{'bins': 5},37,3,55.46226539998315,5,2
2026-05-12T10:42:01.301014,clean,naive,{'bins': 5},37,4,55.57073650008533,5,2
2026-05-12T10:42:58.995364,clean,naive,{'bins': 5},38,0,57.68463649996556,5,2
2026-05-12T10:43:56.716041,clean,naive,{'bins': 5},38,1,57.720055900048465,5,2
2026-05-12T10:44:54.331655,clean,naive,{'bins': 5},38,2,57.61511619994417,5,2
2026-05-12T10:45:51.825292,clean,naive,{'bins': 5},38,3,57.493134399992414,5,2
2026-05-12T10:46:49.310464,clean,naive,{'bins': 5},38,4,57.48468820005655,5,2
2026-05-12T10:47:50.177529,clean,naive,{'bins': 5},39,0,60.857483500032686,5,2
2026-05-12T10:48:51.238049,clean,naive,{'bins': 5},39,1,61.0600134000415,5,2
2026-05-12T10:49:52.169644,clean,naive,{'bins': 5},39,2,60.93106880004052,5,2
2026-05-12T10:50:53.318286,clean,naive,{'bins': 5},39,3,61.14815030002501,5,2
2026-05-12T10:51:54.499057,clean,naive,{'bins': 5},39,4,61.180261700064875,5,2
2026-05-12T10:52:59.415104,clean,naive,{'bins': 5},40,0,64.90590830007568,5,2
2026-05-12T10:54:03.989638,clean,naive,{'bins': 5},40,1,64.57390379998833,5,2
2026-05-12T10:55:08.421449,clean,naive,{'bins': 5},40,2,64.43124760000501,5,2
2026-05-12T10:56:13.588989,clean,naive,{'bins': 5},40,3,65.16699509997852,5,2
2026-05-12T10:57:18.123621,clean,naive,{'bins': 5},40,4,64.53412709990516,5,2
2026-05-12T10:58:26.263268,clean,naive,{'bins': 5},41,0,68.12936169991735,5,2
2026-05-12T10:59:33.826255,clean,naive,{'bins': 5},41,1,67.56249119993299,5,2
2026-05-12T11:00:41.776909,clean,naive,{'bins': 5},41,2,67.95010310004,5,2
2026-05-12T11:01:49.986307,clean,naive,{'bins': 5},41,3,68.20886339992285,5,2
2026-05-12T11:02:58.073330,clean,naive,{'bins': 5},41,4,68.08643050002865,5,2
2026-05-12T11:04:09.718869,clean,naive,{'bins': 5},42,0,71.63494829996489,5,2
2026-05-12T11:05:21.752878,clean,naive,{'bins': 5},42,1,72.03346609999426,5,2
2026-05-12T11:06:33.619427,clean,naive,{'bins': 5},42,2,71.86601350002456,5,2
2026-05-12T11:07:45.304106,clean,naive,{'bins': 5},42,3,71.68411400006153,5,2
2026-05-12T11:08:57.107065,clean,naive,{'bins': 5},42,4,71.80244529992342,5,2
2026-05-12T11:10:11.256674,clean,naive,{'bins': 5},43,0,74.13930650008842,5,2
2026-05-12T11:11:26.325970,clean,naive,{'bins': 5},43,1,75.06880759994965,5,2
2026-05-12T11:12:41.239735,clean,naive,{'bins': 5},43,2,74.91316930006724,5,2
2026-05-12T11:13:55.307670,clean,naive,{'bins': 5},43,3,74.06743409996852,5,2
2026-05-12T11:15:10.030022,clean,naive,{'bins': 5},43,4,74.72178180003539,5,2
2026-05-12T11:16:27.845162,clean,naive,{'bins': 5},44,0,77.8044165999163,5,2
2026-05-12T11:17:46.142420,clean,naive,{'bins': 5},44,1,78.29666110000107,5,2
2026-05-12T11:19:03.935100,clean,naive,{'bins': 5},44,2,77.79207940003835,5,2
2026-05-12T11:20:21.150140,clean,naive,{'bins': 5},44,3,77.21451110008638,5,2
2026-05-12T11:21:38.335212,clean,naive,{'bins': 5},44,4,77.1845023999922,5,2
2026-05-12T11:22:59.611763,clean,naive,{'bins': 5},45,0,81.26540769997519,5,2
2026-05-12T11:24:21.602694,clean,naive,{'bins': 5},45,1,81.99038510001265,5,2
2026-05-12T11:25:43.073102,clean,naive,{'bins': 5},45,2,81.46992489998229,5,2
2026-05-12T11:27:04.929617,clean,naive,{'bins': 5},45,3,81.85601160000078,5,2
2026-05-12T11:28:27.021053,clean,naive,{'bins': 5},45,4,82.09079290006775,5,2
2026-05-12T11:29:51.176062,clean,naive,{'bins': 5},46,0,84.10686850000639,5,2
2026-05-12T11:31:16.122753,clean,naive,{'bins': 5},46,1,84.94617670006119,5,2
2026-05-12T11:32:41.512761,clean,naive,{'bins': 5},46,2,85.38950709998608,5,2
2026-05-12T11:34:09.620103,clean,naive,{'bins': 5},46,3,88.106905200053,5,2
2026-05-12T11:35:37.901359,clean,naive,{'bins': 5},46,4,88.28075360006187,5,2
2026-05-12T11:37:14.100298,clean,naive,{'bins': 5},47,0,96.18759260000661,5,2
2026-05-12T11:38:43.532737,clean,naive,{'bins': 5},47,1,89.43189639993943,5,2
2026-05-12T11:40:11.386332,clean,naive,{'bins': 5},47,2,87.85302390006837,5,2
2026-05-12T11:41:38.821682,clean,naive,{'bins': 5},47,3,87.43481589993462,5,2
2026-05-12T11:43:06.561302,clean,naive,{'bins': 5},47,4,87.73910470004193,5,2
2026-05-12T11:44:38.171771,clean,naive,{'bins': 5},48,0,91.59887139999773,5,2
2026-05-12T11:46:09.670764,clean,naive,{'bins': 5},48,1,91.49838550004642,5,2
2026-05-12T11:47:41.305022,clean,naive,{'bins': 5},48,2,91.63376530003734,5,2
2026-05-12T11:49:13.912163,clean,naive,{'bins': 5},48,3,92.60664479993284,5,2
2026-05-12T11:50:45.316083,clean,naive,{'bins': 5},48,4,91.40338749997318,5,2
2026-05-12T11:52:19.541395,clean,naive,{'bins': 5},49,0,94.21329510002397,5,2
2026-05-12T11:53:53.755927,clean,naive,{'bins': 5},49,1,94.21401390002575,5,2
2026-05-12T11:55:28.136648,clean,naive,{'bins': 5},49,2,94.38002810010221,5,2
2026-05-12T11:57:02.970741,clean,naive,{'bins': 5},49,3,94.83360209991224,5,2
2026-05-12T11:58:38.278578,clean,naive,{'bins': 5},49,4,95.30734689999372,5,2
2026-05-12T12:00:17.752923,clean,naive,{'bins': 5},50,0,99.46227730007377,5,2
2026-05-12T12:01:57.236076,clean,naive,{'bins': 5},50,1,99.48267900000792,5,2
2026-05-12T12:03:36.674698,clean,naive,{'bins': 5},50,2,99.43812639999669,5,2
2026-05-12T12:05:15.249909,clean,naive,{'bins': 5},50,3,98.57472590007819,5,2
2026-05-12T12:06:53.646493,clean,naive,{'bins': 5},50,4,98.3959738999838,5,2
2026-05-12T12:08:36.491822,clean,naive,{'bins': 5},51,0,102.83277910004836,5,2
2026-05-12T12:10:20.447640,clean,naive,{'bins': 5},51,1,103.95526399998926,5,2
2026-05-12T12:12:05.032476,clean,naive,{'bins': 5},51,2,104.58424989995547,5,2
2026-05-12T12:13:49.506855,clean,naive,{'bins': 5},51,3,104.4738499999512,5,2
2026-05-12T12:15:33.275571,clean,naive,{'bins': 5},51,4,103.7681445000926,5,2
2026-05-12T12:17:02.104390,clean,naive,{'bins': 5},1,0,0.06633019994478673,5,2
2026-05-12T12:17:02.171390,clean,naive,{'bins': 5},1,1,0.06660789996385574,5,2
2026-05-12T12:17:02.239841,clean,naive,{'bins': 5},1,2,0.06796630006283522,5,2
2026-05-12T12:17:02.307376,clean,naive,{'bins': 5},1,3,0.06703729997389019,5,2
2026-05-12T12:17:02.374487,clean,naive,{'bins': 5},1,4,0.06667129998095334,5,2
2026-05-12T12:17:02.624363,clean,naive,{'bins': 5},2,0,0.2481131999520585,5,2
2026-05-12T12:17:02.873595,clean,naive,{'bins': 5},2,1,0.24876270000822842,5,2
2026-05-12T12:17:03.118526,clean,naive,{'bins': 5},2,2,0.2444703000364825,5,2
2026-05-12T12:17:03.363540,clean,naive,{'bins': 5},2,3,0.24456489994190633,5,2
2026-05-12T12:17:03.608814,clean,naive,{'bins': 5},2,4,0.24480800004675984,5,2
2026-05-12T12:17:04.096207,clean,naive,{'bins': 5},3,0,0.4854485000250861,5,2
2026-05-12T12:17:04.568299,clean,naive,{'bins': 5},3,1,0.4716210000915453,5,2
2026-05-12T12:17:05.043934,clean,naive,{'bins': 5},3,2,0.47515020007267594,5,2
2026-05-12T12:17:05.517183,clean,naive,{'bins': 5},3,3,0.4727336000651121,5,2
2026-05-12T12:17:05.993226,clean,naive,{'bins': 5},3,4,0.47556839999742806,5,2
2026-05-12T12:17:06.880888,clean,naive,{'bins': 5},4,0,0.8854577000020072,5,2
2026-05-12T12:17:07.758017,clean,naive,{'bins': 5},4,1,0.876650599995628,5,2
2026-05-12T12:17:08.637984,clean,naive,{'bins': 5},4,2,0.8794641999993473,5,2
2026-05-12T12:17:09.559208,clean,naive,{'bins': 5},4,3,0.9206695000175387,5,2
2026-05-12T12:17:10.444950,clean,naive,{'bins': 5},4,4,0.8852058999473229,5,2
2026-05-12T12:17:11.716049,clean,naive,{'bins': 5},5,0,1.2688237000256777,5,2
2026-05-12T12:17:12.976444,clean,naive,{'bins': 5},5,1,1.2599305000621825,5,2
2026-05-12T12:17:14.236257,clean,naive,{'bins': 5},5,2,1.259261800092645,5,2
2026-05-12T12:17:15.497734,clean,naive,{'bins': 5},5,3,1.2609962999122217,5,2
2026-05-12T12:17:16.799891,clean,naive,{'bins': 5},5,4,1.3016648000339046,5,2
2026-05-12T12:17:18.602080,clean,naive,{'bins': 5},6,0,1.7993246000260115,5,2
2026-05-12T12:17:20.395127,clean,naive,{'bins': 5},6,1,1.792480899952352,5,2
2026-05-12T12:17:22.195828,clean,naive,{'bins': 5},6,2,1.8002200999762863,5,2
2026-05-12T12:17:24.028870,clean,naive,{'bins': 5},6,3,1.832503999932669,5,2
2026-05-12T12:17:25.818662,clean,naive,{'bins': 5},6,4,1.7892499000299722,5,2
2026-05-12T12:17:28.125680,clean,naive,{'bins': 5},7,0,2.30435479991138,5,2
2026-05-12T12:17:30.414522,clean,naive,{'bins': 5},7,1,2.2882852000184357,5,2
2026-05-12T12:17:32.739096,clean,naive,{'bins': 5},7,2,2.324037899961695,5,2
2026-05-12T12:17:35.028064,clean,naive,{'bins': 5},7,3,2.288511299993843,5,2
2026-05-12T12:17:37.313439,clean,naive,{'bins': 5},7,4,2.2848950000479817,5,2
2026-05-12T12:17:40.322736,clean,naive,{'bins': 5},8,0,3.006332799908705,5,2
2026-05-12T12:17:43.295992,clean,naive,{'bins': 5},8,1,2.9727607000386342,5,2
2026-05-12T12:17:46.292291,clean,naive,{'bins': 5},8,2,2.995812500012107,5,2
2026-05-12T12:17:49.288243,clean,naive,{'bins': 5},8,3,2.9953392000170425,5,2
2026-05-12T12:17:52.287462,clean,naive,{'bins': 5},8,4,2.998789899982512,5,2
2026-05-12T12:17:56.043904,clean,naive,{'bins': 5},9,0,3.7532026999397203,5,2
2026-05-12T12:17:59.850625,clean,naive,{'bins': 5},9,1,3.8061673999764025,5,2
2026-05-12T12:18:03.602321,clean,naive,{'bins': 5},9,2,3.7511067000450566,5,2
2026-05-12T12:18:07.359883,clean,naive,{'bins': 5},9,3,3.7570664999075234,5,2
2026-05-12T12:18:11.108382,clean,naive,{'bins': 5},9,4,3.7480201999424025,5,2
2026-05-12T12:18:15.740357,clean,naive,{'bins': 5},10,0,4.6285114999627694,5,2
2026-05-12T12:18:20.330292,clean,naive,{'bins': 5},10,1,4.589406699989922,5,2
2026-05-12T12:18:24.933652,clean,naive,{'bins': 5},10,2,4.602872700081207,5,2
2026-05-12T12:18:29.532743,clean,naive,{'bins': 5},10,3,4.598603599937633,5,2
2026-05-12T12:18:34.185210,clean,naive,{'bins': 5},10,4,4.6519132000394166,5,2
2026-05-12T12:18:39.774305,clean,naive,{'bins': 5},11,0,5.585168299963698,5,2
2026-05-12T12:18:45.364157,clean,naive,{'bins': 5},11,1,5.589358099969104,5,2
2026-05-12T12:18:50.948003,clean,naive,{'bins': 5},11,2,5.583356200018898,5,2
2026-05-12T12:18:56.584975,clean,naive,{'bins': 5},11,3,5.6364193999907,5,2
2026-05-12T12:19:02.147303,clean,naive,{'bins': 5},11,4,5.561829400015995,5,2
2026-05-12T12:19:08.805681,clean,naive,{'bins': 5},12,0,6.654541500029154,5,2
2026-05-12T12:19:15.457462,clean,naive,{'bins': 5},12,1,6.651279899990186,5,2
2026-05-12T12:19:22.160158,clean,naive,{'bins': 5},12,2,6.702208700007759,5,2
2026-05-12T12:19:28.796557,clean,naive,{'bins': 5},12,3,6.635874400031753,5,2
2026-05-12T12:19:35.477279,clean,naive,{'bins': 5},12,4,6.680216200067662,5,2
2026-05-12T12:19:42.416037,clean,naive,{'bins': 5},13,0,6.934620399959385,5,2
2026-05-12T12:19:49.298415,clean,naive,{'bins': 5},13,1,6.881845899973996,5,2
2026-05-12T12:19:56.195177,clean,naive,{'bins': 5},13,2,6.896208000020124,5,2
2026-05-12T12:20:03.150679,clean,naive,{'bins': 5},13,3,6.955006700009108,5,2
2026-05-12T12:20:10.011648,clean,naive,{'bins': 5},13,4,6.860492500010878,5,2
2026-05-12T12:20:18.053732,clean,naive,{'bins': 5},14,0,8.037416799925268,5,2
2026-05-12T12:20:26.002191,clean,naive,{'bins': 5},14,1,7.9479872999945655,5,2
2026-05-12T12:20:34.063922,clean,naive,{'bins': 5},14,2,8.061224399949424,5,2
2026-05-12T12:20:42.067151,clean,naive,{'bins': 5},14,3,8.002729399944656,5,2
2026-05-12T12:20:50.094150,clean,naive,{'bins': 5},14,4,8.026518500060774,5,2
2026-05-12T12:20:59.000662,clean,naive,{'bins': 5},15,0,8.901949399965815,5,2
2026-05-12T12:21:08.139743,clean,naive,{'bins': 5},15,1,9.138586599961855,5,2
2026-05-12T12:21:17.094775,clean,naive,{'bins': 5},15,2,8.954558299970813,5,2
2026-05-12T12:21:26.209587,clean,naive,{'bins': 5},15,3,9.114353099954315,5,2
2026-05-12T12:21:35.236608,clean,naive,{'bins': 5},15,4,9.02646049996838,5,2
2026-05-12T12:21:45.245307,clean,naive,{'bins': 5},16,0,10.003733000019565,5,2
2026-05-12T12:21:55.193984,clean,naive,{'bins': 5},16,1,9.948053000029176,5,2
2026-05-12T12:22:05.181888,clean,naive,{'bins': 5},16,2,9.987337599974126,5,2
2026-05-12T12:22:15.200815,clean,naive,{'bins': 5},16,3,10.018460699939169,5,2
2026-05-12T12:22:25.121356,clean,naive,{'bins': 5},16,4,9.919977300101891,5,2
2026-05-12T12:22:36.516641,clean,naive,{'bins': 5},17,0,11.390055900090374,5,2
2026-05-12T12:22:47.928265,clean,naive,{'bins': 5},17,1,11.411067300010473,5,2
2026-05-12T12:22:59.354963,clean,naive,{'bins': 5},17,2,11.426159299910069,5,2
2026-05-12T12:23:10.697442,clean,naive,{'bins': 5},17,3,11.341980600031093,5,2
2026-05-12T12:23:22.063554,clean,naive,{'bins': 5},17,4,11.365618700045161,5,2
2026-05-12T12:23:34.973801,clean,naive,{'bins': 5},18,0,12.904855799977668,5,2
2026-05-12T12:23:47.723565,clean,naive,{'bins': 5},18,1,12.749258999945596,5,2
2026-05-12T12:24:00.559307,clean,naive,{'bins': 5},18,2,12.835261900094338,5,2
2026-05-12T12:24:13.378226,clean,naive,{'bins': 5},18,3,12.818420300027356,5,2
2026-05-12T12:24:26.267331,clean,naive,{'bins': 5},18,4,12.888609900022857,5,2
2026-05-12T12:24:40.683598,clean,naive,{'bins': 5},19,0,14.410942199989222,5,2
2026-05-12T12:24:55.229843,clean,naive,{'bins': 5},19,1,14.545648299972527,5,2
2026-05-12T12:25:09.645032,clean,naive,{'bins': 5},19,2,14.414668299956247,5,2
2026-05-12T12:25:24.071967,clean,naive,{'bins': 5},19,3,14.426437300047837,5,2
2026-05-12T12:25:38.451198,clean,naive,{'bins': 5},19,4,14.378711699973792,5,2
2026-05-12T12:25:54.354941,clean,naive,{'bins': 5},20,0,15.898179500014521,5,2
2026-05-12T12:26:10.372746,clean,naive,{'bins': 5},20,1,16.017252600053325,5,2
2026-05-12T12:26:26.264184,clean,naive,{'bins': 5},20,2,15.88832100003492,5,2
2026-05-12T12:26:42.297021,clean,naive,{'bins': 5},20,3,16.032237600069493,5,2
2026-05-12T12:26:58.495498,clean,naive,{'bins': 5},20,4,16.19790579995606,5,2
2026-05-12T12:27:15.987908,clean,naive,{'bins': 5},21,0,17.486560499994084,5,2
2026-05-12T12:27:33.680647,clean,naive,{'bins': 5},21,1,17.692172099952586,5,2
2026-05-12T12:27:51.226792,clean,naive,{'bins': 5},21,2,17.545673600048758,5,2
2026-05-12T12:28:08.745538,clean,naive,{'bins': 5},21,3,17.518217999953777,5,2
2026-05-12T12:28:26.265633,clean,naive,{'bins': 5},21,4,17.519631600007415,5,2
2026-05-12T12:28:45.429667,clean,naive,{'bins': 5},22,0,19.158054400002584,5,2
2026-05-12T12:29:04.711978,clean,naive,{'bins': 5},22,1,19.281776100047864,5,2
2026-05-12T12:29:23.961427,clean,naive,{'bins': 5},22,2,19.248912999988534,5,2
2026-05-12T12:29:43.170408,clean,naive,{'bins': 5},22,3,19.20853679999709,5,2
2026-05-12T12:30:02.556930,clean,naive,{'bins': 5},22,4,19.38606449996587,5,2
2026-05-12T12:30:23.832820,clean,naive,{'bins': 5},23,0,21.269604999921285,5,2
2026-05-12T12:30:45.079983,clean,naive,{'bins': 5},23,1,21.246669100015424,5,2
2026-05-12T12:31:06.319950,clean,naive,{'bins': 5},23,2,21.23947589995805,5,2
2026-05-12T12:31:27.587595,clean,naive,{'bins': 5},23,3,21.26699490007013,5,2
2026-05-12T12:31:49.016777,clean,naive,{'bins': 5},23,4,21.428591499920003,5,2
2026-05-12T12:32:12.615028,clean,naive,{'bins': 5},24,0,23.591450299951248,5,2
2026-05-12T12:32:36.047211,clean,naive,{'bins': 5},24,1,23.43162129994016,5,2
2026-05-12T12:32:59.521554,clean,naive,{'bins': 5},24,2,23.47375599993393,5,2
2026-05-12T12:33:22.959474,clean,naive,{'bins': 5},24,3,23.437372800079174,5,2
2026-05-12T12:33:46.218037,clean,naive,{'bins': 5},24,4,23.257943999953568,5,2
2026-05-12T12:34:12.151811,clean,naive,{'bins': 5},25,0,25.92724480002653,5,2
2026-05-12T12:34:37.946499,clean,naive,{'bins': 5},25,1,25.794203800032847,5,2
2026-05-12T12:35:03.912237,clean,naive,{'bins': 5},25,2,25.965241600060835,5,2
2026-05-12T12:35:29.754568,clean,naive,{'bins': 5},25,3,25.841850299970247,5,2
2026-05-12T12:35:55.585821,clean,naive,{'bins': 5},25,4,25.830752499983646,5,2
2026-05-12T12:36:23.516681,clean,naive,{'bins': 5},26,0,27.924200400011614,5,2
2026-05-12T12:36:51.420708,clean,naive,{'bins': 5},26,1,27.90345119999256,5,2
2026-05-12T12:37:19.613346,clean,naive,{'bins': 5},26,2,28.19216089998372,5,2
2026-05-12T12:37:47.538889,clean,naive,{'bins': 5},26,3,27.92494950001128,5,2
2026-05-12T12:38:15.534653,clean,naive,{'bins': 5},26,4,27.99513530009426,5,2
2026-05-12T12:38:45.629727,clean,naive,{'bins': 5},27,0,30.087934999959543,5,2
2026-05-12T12:39:15.899275,clean,naive,{'bins': 5},27,1,30.269058300065808,5,2
2026-05-12T12:39:46.236400,clean,naive,{'bins': 5},27,2,30.336575800087303,5,2
2026-05-12T12:40:16.474472,clean,naive,{'bins': 5},27,3,30.237511800020002,5,2
2026-05-12T12:40:46.795287,clean,naive,{'bins': 5},27,4,30.320263299974613,5,2
2026-05-12T12:41:18.880450,clean,naive,{'bins': 5},28,0,32.077929400024004,5,2
2026-05-12T12:41:51.248710,clean,naive,{'bins': 5},28,1,32.36775109998416,5,2
2026-05-12T12:42:23.494102,clean,naive,{'bins': 5},28,2,32.24494530004449,5,2
2026-05-12T12:42:55.724237,clean,naive,{'bins': 5},28,3,32.22957909991965,5,2
2026-05-12T12:43:28.072093,clean,naive,{'bins': 5},28,4,32.347285399911925,5,2
2026-05-12T12:44:02.528789,clean,naive,{'bins': 5},29,0,34.44892719993368,5,2
2026-05-12T12:44:37.021635,clean,naive,{'bins': 5},29,1,34.49234489991795,5,2
2026-05-12T12:45:11.452715,clean,naive,{'bins': 5},29,2,34.43054209998809,5,2
2026-05-12T12:45:45.750100,clean,naive,{'bins': 5},29,3,34.29690129996743,5,2
2026-05-12T12:46:20.132329,clean,naive,{'bins': 5},29,4,34.38168360001873,5,2
2026-05-12T12:46:56.915275,clean,naive,{'bins': 5},30,0,36.775002900045365,5,2
2026-05-12T12:47:33.616999,clean,naive,{'bins': 5},30,1,36.70116549998056,5,2
2026-05-12T12:48:10.611315,clean,naive,{'bins': 5},30,2,36.99375549994875,5,2
2026-05-12T12:48:47.849350,clean,naive,{'bins': 5},30,3,37.237518599955365,5,2
2026-05-12T12:49:24.761914,clean,naive,{'bins': 5},30,4,36.91205980000086,5,2
2026-05-12T12:49:25.730603,clean,sax,"{'w': 288, 'bins': 5}",1,0,0.06899449997581542,5,2
2026-05-12T12:49:25.798627,clean,sax,"{'w': 288, 'bins': 5}",1,1,0.0676254000281915,5,2
2026-05-12T12:49:25.867621,clean,sax,"{'w': 288, 'bins': 5}",1,2,0.06851930008269846,5,2
2026-05-12T12:49:25.940607,clean,sax,"{'w': 288, 'bins': 5}",1,3,0.07251229998655617,5,2
2026-05-12T12:49:26.009924,clean,sax,"{'w': 288, 'bins': 5}",1,4,0.0688481000252068,5,2
2026-05-12T12:49:26.273267,clean,sax,"{'w': 288, 'bins': 5}",2,0,0.256283099995926,5,2
2026-05-12T12:49:26.522538,clean,sax,"{'w': 288, 'bins': 5}",2,1,0.24882280000019819,5,2
2026-05-12T12:49:26.772487,clean,sax,"{'w': 288, 'bins': 5}",2,2,0.24946630001068115,5,2
2026-05-12T12:49:27.026497,clean,sax,"{'w': 288, 'bins': 5}",2,3,0.25354950001928955,5,2
2026-05-12T12:49:27.282089,clean,sax,"{'w': 288, 'bins': 5}",2,4,0.25511619995813817,5,2
2026-05-12T12:49:27.777849,clean,sax,"{'w': 288, 'bins': 5}",3,0,0.48591329995542765,5,2
2026-05-12T12:49:28.257337,clean,sax,"{'w': 288, 'bins': 5}",3,1,0.4790218999842182,5,2
2026-05-12T12:49:28.741159,clean,sax,"{'w': 288, 'bins': 5}",3,2,0.48333209997508675,5,2
2026-05-12T12:49:29.223205,clean,sax,"{'w': 288, 'bins': 5}",3,3,0.4815602999879047,5,2
2026-05-12T12:49:29.743466,clean,sax,"{'w': 288, 'bins': 5}",3,4,0.5198029999155551,5,2
2026-05-12T12:49:30.515710,clean,sax,"{'w': 288, 'bins': 5}",4,0,0.7595237001078203,5,2
2026-05-12T12:49:31.277435,clean,sax,"{'w': 288, 'bins': 5}",4,1,0.7612580000422895,5,2
2026-05-12T12:49:32.035492,clean,sax,"{'w': 288, 'bins': 5}",4,2,0.7576006000163034,5,2
2026-05-12T12:49:32.800656,clean,sax,"{'w': 288, 'bins': 5}",4,3,0.7646385000552982,5,2
2026-05-12T12:49:33.565549,clean,sax,"{'w': 288, 'bins': 5}",4,4,0.7644449999788776,5,2
2026-05-12T12:49:34.657791,clean,sax,"{'w': 288, 'bins': 5}",5,0,1.0771234000567347,5,2
2026-05-12T12:49:35.730086,clean,sax,"{'w': 288, 'bins': 5}",5,1,1.0718391999835148,5,2
2026-05-12T12:49:36.794757,clean,sax,"{'w': 288, 'bins': 5}",5,2,1.0642201999435201,5,2
2026-05-12T12:49:37.863216,clean,sax,"{'w': 288, 'bins': 5}",5,3,1.0679966999450698,5,2
2026-05-12T12:49:38.932314,clean,sax,"{'w': 288, 'bins': 5}",5,4,1.0686422000871971,5,2
2026-05-12T12:49:40.520453,clean,sax,"{'w': 288, 'bins': 5}",6,0,1.5704085000324994,5,2
2026-05-12T12:49:42.061523,clean,sax,"{'w': 288, 'bins': 5}",6,1,1.540453499997966,5,2
2026-05-12T12:49:43.585612,clean,sax,"{'w': 288, 'bins': 5}",6,2,1.5235900999978185,5,2
2026-05-12T12:49:45.110862,clean,sax,"{'w': 288, 'bins': 5}",6,3,1.5245845000026748,5,2
2026-05-12T12:49:46.632519,clean,sax,"{'w': 288, 'bins': 5}",6,4,1.5211146000074223,5,2
2026-05-12T12:49:48.886286,clean,sax,"{'w': 288, 'bins': 5}",7,0,2.232488900073804,5,2
2026-05-12T12:49:51.131714,clean,sax,"{'w': 288, 'bins': 5}",7,1,2.24488850007765,5,2
2026-05-12T12:49:53.398720,clean,sax,"{'w': 288, 'bins': 5}",7,2,2.2665271000005305,5,2
2026-05-12T12:49:55.641586,clean,sax,"{'w': 288, 'bins': 5}",7,3,2.2422902999678627,5,2
2026-05-12T12:49:57.862989,clean,sax,"{'w': 288, 'bins': 5}",7,4,2.220805599936284,5,2
2026-05-12T12:50:00.755825,clean,sax,"{'w': 288, 'bins': 5}",8,0,2.869487199932337,5,2
2026-05-12T12:50:03.618008,clean,sax,"{'w': 288, 'bins': 5}",8,1,2.8616021000780165,5,2
2026-05-12T12:50:06.528084,clean,sax,"{'w': 288, 'bins': 5}",8,2,2.9095911999465898,5,2
2026-05-12T12:50:09.380216,clean,sax,"{'w': 288, 'bins': 5}",8,3,2.851581299910322,5,2
2026-05-12T12:50:12.239950,clean,sax,"{'w': 288, 'bins': 5}",8,4,2.8592522999970242,5,2
2026-05-12T12:50:15.917124,clean,sax,"{'w': 288, 'bins': 5}",9,0,3.6507795000215992,5,2
2026-05-12T12:50:19.511974,clean,sax,"{'w': 288, 'bins': 5}",9,1,3.5943629998946562,5,2
2026-05-12T12:50:23.097058,clean,sax,"{'w': 288, 'bins': 5}",9,2,3.5845233000582084,5,2
2026-05-12T12:50:26.730540,clean,sax,"{'w': 288, 'bins': 5}",9,3,3.6328828999539837,5,2
2026-05-12T12:50:30.294246,clean,sax,"{'w': 288, 'bins': 5}",9,4,3.5632292999653146,5,2
2026-05-12T12:50:34.881415,clean,sax,"{'w': 288, 'bins': 5}",10,0,4.557674000039697,5,2
2026-05-12T12:50:39.307107,clean,sax,"{'w': 288, 'bins': 5}",10,1,4.416006000014022,5,2
2026-05-12T12:50:43.698420,clean,sax,"{'w': 288, 'bins': 5}",10,2,4.3907623999984935,5,2
2026-05-12T12:50:48.049198,clean,sax,"{'w': 288, 'bins': 5}",10,3,4.350320599973202,5,2
2026-05-12T12:50:52.552261,clean,sax,"{'w': 288, 'bins': 5}",10,4,4.502638899954036,5,2
2026-05-12T12:50:57.662802,clean,sax,"{'w': 288, 'bins': 5}",11,0,5.078630900010467,5,2
2026-05-12T12:51:02.856600,clean,sax,"{'w': 288, 'bins': 5}",11,1,5.193302600062452,5,2
2026-05-12T12:51:07.973613,clean,sax,"{'w': 288, 'bins': 5}",11,2,5.116500200005248,5,2
2026-05-12T12:51:13.027343,clean,sax,"{'w': 288, 'bins': 5}",11,3,5.053222000016831,5,2
2026-05-12T12:51:18.179248,clean,sax,"{'w': 288, 'bins': 5}",11,4,5.1514114999445155,5,2
2026-05-12T12:51:25.381132,clean,sax,"{'w': 288, 'bins': 5}",12,0,7.1674190000630915,5,2
2026-05-12T12:51:32.330835,clean,sax,"{'w': 288, 'bins': 5}",12,1,6.949130300083198,5,2
2026-05-12T12:51:39.216819,clean,sax,"{'w': 288, 'bins': 5}",12,2,6.8854653999442235,5,2
2026-05-12T12:51:46.090922,clean,sax,"{'w': 288, 'bins': 5}",12,3,6.873594600008801,5,2
2026-05-12T12:51:52.955283,clean,sax,"{'w': 288, 'bins': 5}",12,4,6.863880599965341,5,2
2026-05-12T12:52:00.687787,clean,sax,"{'w': 288, 'bins': 5}",13,0,7.693768800003454,5,2
2026-05-12T12:52:08.466868,clean,sax,"{'w': 288, 'bins': 5}",13,1,7.778552400064655,5,2
2026-05-12T12:52:16.623736,clean,sax,"{'w': 288, 'bins': 5}",13,2,8.156365499948151,5,2
2026-05-12T12:52:24.649515,clean,sax,"{'w': 288, 'bins': 5}",13,3,8.025265499949455,5,2
2026-05-12T12:52:32.549011,clean,sax,"{'w': 288, 'bins': 5}",13,4,7.898972800001502,5,2
2026-05-12T12:52:45.104330,clean,sax,"{'w': 288, 'bins': 5}",14,0,12.514422900043428,5,2
2026-05-12T12:52:54.189281,clean,sax,"{'w': 288, 'bins': 5}",14,1,9.084420300088823,5,2
2026-05-12T12:53:03.070192,clean,sax,"{'w': 288, 'bins': 5}",14,2,8.88021860003937,5,2
2026-05-12T12:53:12.020759,clean,sax,"{'w': 288, 'bins': 5}",14,3,8.950052500003949,5,2
2026-05-12T12:53:21.028991,clean,sax,"{'w': 288, 'bins': 5}",14,4,9.007670599967241,5,2
2026-05-12T12:53:30.731385,clean,sax,"{'w': 288, 'bins': 5}",15,0,9.659763999981806,5,2
2026-05-12T12:53:40.452902,clean,sax,"{'w': 288, 'bins': 5}",15,1,9.721034400048666,5,2
2026-05-12T12:53:50.246401,clean,sax,"{'w': 288, 'bins': 5}",15,2,9.792940499959514,5,2
2026-05-12T12:54:00.100981,clean,sax,"{'w': 288, 'bins': 5}",15,3,9.854089199914597,5,2
2026-05-12T12:54:09.782066,clean,sax,"{'w': 288, 'bins': 5}",15,4,9.680626500048675,5,2
2026-05-12T12:54:21.170046,clean,sax,"{'w': 288, 'bins': 5}",16,0,11.301989200059325,5,2
2026-05-12T12:54:32.343769,clean,sax,"{'w': 288, 'bins': 5}",16,1,11.17322170000989,5,2
2026-05-12T12:54:43.379172,clean,sax,"{'w': 288, 'bins': 5}",16,2,11.034908700035885,5,2
2026-05-12T12:54:54.933310,clean,sax,"{'w': 288, 'bins': 5}",16,3,11.553586199996062,5,2
2026-05-12T12:55:06.322401,clean,sax,"{'w': 288, 'bins': 5}",16,4,11.388571899966337,5,2
2026-05-12T12:55:18.710952,clean,sax,"{'w': 288, 'bins': 5}",17,0,12.338514399947599,5,2
2026-05-12T12:55:31.047073,clean,sax,"{'w': 288, 'bins': 5}",17,1,12.33557989995461,5,2
2026-05-12T12:55:43.273863,clean,sax,"{'w': 288, 'bins': 5}",17,2,12.226298799971119,5,2
2026-05-12T12:55:55.444698,clean,sax,"{'w': 288, 'bins': 5}",17,3,12.170277699944563,5,2
2026-05-12T12:56:07.734789,clean,sax,"{'w': 288, 'bins': 5}",17,4,12.28959310008213,5,2
2026-05-12T12:56:21.381180,clean,sax,"{'w': 288, 'bins': 5}",18,0,13.595622499939054,5,2
2026-05-12T12:56:34.851226,clean,sax,"{'w': 288, 'bins': 5}",18,1,13.469550900044851,5,2
2026-05-12T12:56:48.372169,clean,sax,"{'w': 288, 'bins': 5}",18,2,13.520492499927059,5,2
2026-05-12T12:57:01.838985,clean,sax,"{'w': 288, 'bins': 5}",18,3,13.466379799996503,5,2
2026-05-12T12:57:15.302220,clean,sax,"{'w': 288, 'bins': 5}",18,4,13.462708699982613,5,2
2026-05-12T12:57:30.891060,clean,sax,"{'w': 288, 'bins': 5}",19,0,15.535341699956916,5,2
2026-05-12T12:57:46.494842,clean,sax,"{'w': 288, 'bins': 5}",19,1,15.60322259995155,5,2
2026-05-12T12:58:02.154775,clean,sax,"{'w': 288, 'bins': 5}",19,2,15.659410200081766,5,2
2026-05-12T12:58:17.775134,clean,sax,"{'w': 288, 'bins': 5}",19,3,15.619844700093381,5,2
2026-05-12T12:58:33.497874,clean,sax,"{'w': 288, 'bins': 5}",19,4,15.722221200005151,5,2
2026-05-12T12:58:50.946805,clean,sax,"{'w': 288, 'bins': 5}",20,0,17.392580199986696,5,2
2026-05-12T12:59:08.265029,clean,sax,"{'w': 288, 'bins': 5}",20,1,17.317721700062975,5,2
2026-05-12T12:59:25.640856,clean,sax,"{'w': 288, 'bins': 5}",20,2,17.375295200035907,5,2
2026-05-12T12:59:42.828870,clean,sax,"{'w': 288, 'bins': 5}",20,3,17.187502500019036,5,2
2026-05-12T13:00:00.229325,clean,sax,"{'w': 288, 'bins': 5}",20,4,17.399916899972595,5,2
2026-05-12T13:00:19.057883,clean,sax,"{'w': 288, 'bins': 5}",21,0,18.76959939999506,5,2
2026-05-12T13:00:37.879366,clean,sax,"{'w': 288, 'bins': 5}",21,1,18.821001300006174,5,2
2026-05-12T13:00:56.634391,clean,sax,"{'w': 288, 'bins': 5}",21,2,18.75452379998751,5,2
2026-05-12T13:01:15.546147,clean,sax,"{'w': 288, 'bins': 5}",21,3,18.91106340009719,5,2
2026-05-12T13:01:34.396451,clean,sax,"{'w': 288, 'bins': 5}",21,4,18.849757899995893,5,2
2026-05-12T13:01:54.870563,clean,sax,"{'w': 288, 'bins': 5}",22,0,20.411649400019087,5,2
2026-05-12T13:02:15.443618,clean,sax,"{'w': 288, 'bins': 5}",22,1,20.572544599999674,5,2
2026-05-12T13:02:35.821955,clean,sax,"{'w': 288, 'bins': 5}",22,2,20.377815500018187,5,2
2026-05-12T13:02:56.275945,clean,sax,"{'w': 288, 'bins': 5}",22,3,20.453470399952494,5,2
2026-05-12T13:03:16.814813,clean,sax,"{'w': 288, 'bins': 5}",22,4,20.5383434999967,5,2
2026-05-12T13:03:39.351570,clean,sax,"{'w': 288, 'bins': 5}",23,0,22.472373600001447,5,2
2026-05-12T13:04:01.765623,clean,sax,"{'w': 288, 'bins': 5}",23,1,22.413456999929622,5,2
2026-05-12T13:04:24.268439,clean,sax,"{'w': 288, 'bins': 5}",23,2,22.50225959997624,5,2
2026-05-12T13:04:46.827247,clean,sax,"{'w': 288, 'bins': 5}",23,3,22.558275599963963,5,2
2026-05-12T13:05:09.281856,clean,sax,"{'w': 288, 'bins': 5}",23,4,22.4540625999216,5,2
2026-05-12T13:05:33.782324,clean,sax,"{'w': 288, 'bins': 5}",24,0,24.43289289996028,5,2
2026-05-12T13:05:58.163182,clean,sax,"{'w': 288, 'bins': 5}",24,1,24.38035170000512,5,2
2026-05-12T13:06:22.773415,clean,sax,"{'w': 288, 'bins': 5}",24,2,24.609628799953498,5,2
2026-05-12T13:06:47.352907,clean,sax,"{'w': 288, 'bins': 5}",24,3,24.578871600097045,5,2
2026-05-12T13:07:12.183478,clean,sax,"{'w': 288, 'bins': 5}",24,4,24.830032099969685,5,2
2026-05-12T13:07:38.487675,clean,sax,"{'w': 288, 'bins': 5}",25,0,26.234716600039974,5,2
2026-05-12T13:08:04.713884,clean,sax,"{'w': 288, 'bins': 5}",25,1,26.22561580000911,5,2
2026-05-12T13:08:30.879841,clean,sax,"{'w': 288, 'bins': 5}",25,2,26.165432199952193,5,2
2026-05-12T13:08:57.133749,clean,sax,"{'w': 288, 'bins': 5}",25,3,26.253450399963185,5,2
2026-05-12T13:09:23.373786,clean,sax,"{'w': 288, 'bins': 5}",25,4,26.239546700031497,5,2
2026-05-12T13:09:52.237350,clean,sax,"{'w': 288, 'bins': 5}",26,0,28.789902699994855,5,2
2026-05-12T13:10:21.267420,clean,sax,"{'w': 288, 'bins': 5}",26,1,29.029575599939562,5,2
2026-05-12T13:10:50.366766,clean,sax,"{'w': 288, 'bins': 5}",26,2,29.098840999999084,5,2
2026-05-12T13:11:19.377295,clean,sax,"{'w': 288, 'bins': 5}",26,3,29.009962899959646,5,2
2026-05-12T13:11:48.405230,clean,sax,"{'w': 288, 'bins': 5}",26,4,29.027392499963753,5,2
2026-05-12T13:12:19.583586,clean,sax,"{'w': 288, 'bins': 5}",27,0,31.102723699994385,5,2
2026-05-12T13:12:50.726757,clean,sax,"{'w': 288, 'bins': 5}",27,1,31.142585100024007,5,2
2026-05-12T13:13:21.780742,clean,sax,"{'w': 288, 'bins': 5}",27,2,31.05342330003623,5,2
2026-05-12T13:13:52.770320,clean,sax,"{'w': 288, 'bins': 5}",27,3,30.989021299988963,5,2
2026-05-12T13:14:23.867795,clean,sax,"{'w': 288, 'bins': 5}",27,4,31.09692909999285,5,2
2026-05-12T13:14:57.397609,clean,sax,"{'w': 288, 'bins': 5}",28,0,33.450264999992214,5,2
2026-05-12T13:15:30.904838,clean,sax,"{'w': 288, 'bins': 5}",28,1,33.5066947999876,5,2
2026-05-12T13:16:04.436578,clean,sax,"{'w': 288, 'bins': 5}",28,2,33.53122450003866,5,2
2026-05-12T13:16:37.922104,clean,sax,"{'w': 288, 'bins': 5}",28,3,33.48500850005075,5,2
2026-05-12T13:17:11.432065,clean,sax,"{'w': 288, 'bins': 5}",28,4,33.50945769995451,5,2
2026-05-12T13:17:49.081624,clean,sax,"{'w': 288, 'bins': 5}",29,0,37.56799259991385,5,2
2026-05-12T13:18:24.992604,clean,sax,"{'w': 288, 'bins': 5}",29,1,35.91048199997749,5,2
2026-05-12T13:19:00.710400,clean,sax,"{'w': 288, 'bins': 5}",29,2,35.717296099988744,5,2
2026-05-12T13:19:36.538679,clean,sax,"{'w': 288, 'bins': 5}",29,3,35.82779659994412,5,2
2026-05-12T13:20:12.237800,clean,sax,"{'w': 288, 'bins': 5}",29,4,35.6986109999707,5,2
2026-05-12T13:20:49.489517,clean,sax,"{'w': 288, 'bins': 5}",30,0,37.16805410000961,5,2
2026-05-12T13:21:26.846779,clean,sax,"{'w': 288, 'bins': 5}",30,1,37.356762400013395,5,2
2026-05-12T13:22:04.383084,clean,sax,"{'w': 288, 'bins': 5}",30,2,37.53572429995984,5,2
2026-05-12T13:22:41.679947,clean,sax,"{'w': 288, 'bins': 5}",30,3,37.296263900003396,5,2
2026-05-12T13:23:19.203413,clean,sax,"{'w': 288, 'bins': 5}",30,4,37.52299349999521,5,2
2026-05-12T13:23:19.643116,noisy,naive,{'bins': 5},1,0,0.09002350002992898,5,2
2026-05-12T13:23:19.729787,noisy,naive,{'bins': 5},1,1,0.08618890005163848,5,2
2026-05-12T13:23:19.818079,noisy,naive,{'bins': 5},1,2,0.08779459993820637,5,2
2026-05-12T13:23:19.904990,noisy,naive,{'bins': 5},1,3,0.08643290004692972,5,2
2026-05-12T13:23:19.991603,noisy,naive,{'bins': 5},1,4,0.0862176000373438,5,2
2026-05-12T13:23:20.246687,noisy,naive,{'bins': 5},2,0,0.2533380000386387,5,2
2026-05-12T13:23:20.500235,noisy,naive,{'bins': 5},2,1,0.25305529998149723,5,2
2026-05-12T13:23:20.752728,noisy,naive,{'bins': 5},2,2,0.2520230000372976,5,2
2026-05-12T13:23:21.003959,noisy,naive,{'bins': 5},2,3,0.25080549996346235,5,2
2026-05-12T13:23:21.255430,noisy,naive,{'bins': 5},2,4,0.2510220999829471,5,2
2026-05-12T13:23:21.779364,noisy,naive,{'bins': 5},3,0,0.5220059999264777,5,2
2026-05-12T13:23:22.331498,noisy,naive,{'bins': 5},3,1,0.5516521000536159,5,2
2026-05-12T13:23:22.846401,noisy,naive,{'bins': 5},3,2,0.5141126000089571,5,2
2026-05-12T13:23:23.358659,noisy,naive,{'bins': 5},3,3,0.5117454000283033,5,2
2026-05-12T13:23:23.878059,noisy,naive,{'bins': 5},3,4,0.518761400016956,5,2
2026-05-12T13:23:24.774805,noisy,naive,{'bins': 5},4,0,0.8945936999516562,5,2
2026-05-12T13:23:25.669246,noisy,naive,{'bins': 5},4,1,0.8939138998975977,5,2
2026-05-12T13:23:26.563574,noisy,naive,{'bins': 5},4,2,0.8938561000395566,5,2
2026-05-12T13:23:27.455387,noisy,naive,{'bins': 5},4,3,0.89130560006015,5,2
2026-05-12T13:23:28.343536,noisy,naive,{'bins': 5},4,4,0.8876705999718979,5,2
2026-05-12T13:23:29.850344,noisy,naive,{'bins': 5},5,0,1.5044146000873297,5,2
2026-05-12T13:23:31.393582,noisy,naive,{'bins': 5},5,1,1.5427451999858022,5,2
2026-05-12T13:23:32.893171,noisy,naive,{'bins': 5},5,2,1.4991048999363557,5,2
2026-05-12T13:23:34.395488,noisy,naive,{'bins': 5},5,3,1.501828399952501,5,2
2026-05-12T13:23:35.901047,noisy,naive,{'bins': 5},5,4,1.5050047000404447,5,2
2026-05-12T13:23:37.973082,noisy,naive,{'bins': 5},6,0,2.0693236000370234,5,2
2026-05-12T13:23:39.995435,noisy,naive,{'bins': 5},6,1,2.021816899999976,5,2
2026-05-12T13:23:42.035894,noisy,naive,{'bins': 5},6,2,2.0399212999036536,5,2
2026-05-12T13:23:44.086377,noisy,naive,{'bins': 5},6,3,2.050049399957061,5,2
2026-05-12T13:23:46.166800,noisy,naive,{'bins': 5},6,4,2.079750500037335,5,2
2026-05-12T13:23:48.753929,noisy,naive,{'bins': 5},7,0,2.5841785999946296,5,2
2026-05-12T13:23:51.335214,noisy,naive,{'bins': 5},7,1,2.580806400044821,5,2
2026-05-12T13:23:53.954268,noisy,naive,{'bins': 5},7,2,2.6185586999636143,5,2
2026-05-12T13:23:56.523425,noisy,naive,{'bins': 5},7,3,2.568708200007677,5,2
2026-05-12T13:23:59.113781,noisy,naive,{'bins': 5},7,4,2.5898532000137493,5,2
2026-05-12T13:24:02.603871,noisy,naive,{'bins': 5},8,0,3.4869531000731513,5,2
2026-05-12T13:24:06.040513,noisy,naive,{'bins': 5},8,1,3.436160400044173,5,2
2026-05-12T13:24:09.533147,noisy,naive,{'bins': 5},8,2,3.4921467000385746,5,2
2026-05-12T13:24:12.977259,noisy,naive,{'bins': 5},8,3,3.443617699900642,5,2
2026-05-12T13:24:16.458003,noisy,naive,{'bins': 5},8,4,3.480249600019306,5,2
2026-05-12T13:24:20.739908,noisy,naive,{'bins': 5},9,0,4.278590500005521,5,2
2026-05-12T13:24:25.063767,noisy,naive,{'bins': 5},9,1,4.323275899980217,5,2
2026-05-12T13:24:29.366270,noisy,naive,{'bins': 5},9,2,4.301972500048578,5,2
2026-05-12T13:24:33.704940,noisy,naive,{'bins': 5},9,3,4.338176799938083,5,2
2026-05-12T13:24:37.992077,noisy,naive,{'bins': 5},9,4,4.286688799969852,5,2
2026-05-12T13:24:43.273728,noisy,naive,{'bins': 5},10,0,5.278181300032884,5,2
2026-05-12T13:24:48.476798,noisy,naive,{'bins': 5},10,1,5.202551200054586,5,2
2026-05-12T13:24:53.716536,noisy,naive,{'bins': 5},10,2,5.239231399958953,5,2
2026-05-12T13:24:58.972301,noisy,naive,{'bins': 5},10,3,5.255277200019918,5,2
2026-05-12T13:25:04.169575,noisy,naive,{'bins': 5},10,4,5.196754900040105,5,2
2026-05-12T13:25:10.389452,noisy,naive,{'bins': 5},11,0,6.215933299972676,5,2
2026-05-12T13:25:16.676253,noisy,naive,{'bins': 5},11,1,6.286327000008896,5,2
2026-05-12T13:25:22.891557,noisy,naive,{'bins': 5},11,2,6.2147398999659345,5,2
2026-05-12T13:25:29.049324,noisy,naive,{'bins': 5},11,3,6.157214399892837,5,2
2026-05-12T13:25:35.232830,noisy,naive,{'bins': 5},11,4,6.183004399994388,5,2
2026-05-12T13:25:42.457791,noisy,naive,{'bins': 5},12,0,7.2206430999794975,5,2
2026-05-12T13:25:49.698292,noisy,naive,{'bins': 5},12,1,7.2399460999295115,5,2
2026-05-12T13:25:56.917718,noisy,naive,{'bins': 5},12,2,7.21898460004013,5,2
2026-05-12T13:26:04.130012,noisy,naive,{'bins': 5},12,3,7.211804199963808,5,2
2026-05-12T13:26:11.365099,noisy,naive,{'bins': 5},12,4,7.234611700056121,5,2
2026-05-12T13:26:19.435467,noisy,naive,{'bins': 5},13,0,8.065962800057605,5,2
2026-05-12T13:26:27.495501,noisy,naive,{'bins': 5},13,1,8.059477600036189,5,2
2026-05-12T13:26:35.529991,noisy,naive,{'bins': 5},13,2,8.033932499936782,5,2
2026-05-12T13:26:43.564591,noisy,naive,{'bins': 5},13,3,8.034058199962601,5,2
2026-05-12T13:26:51.671634,noisy,naive,{'bins': 5},13,4,8.106487600016408,5,2
2026-05-12T13:27:01.029879,noisy,naive,{'bins': 5},14,0,9.353121899999678,5,2
2026-05-12T13:27:10.384185,noisy,naive,{'bins': 5},14,1,9.353731599985622,5,2
2026-05-12T13:27:19.586927,noisy,naive,{'bins': 5},14,2,9.202231899951585,5,2
2026-05-12T13:27:28.800017,noisy,naive,{'bins': 5},14,3,9.212580200051889,5,2
2026-05-12T13:27:38.013602,noisy,naive,{'bins': 5},14,4,9.213076200103387,5,2
2026-05-12T13:27:48.617272,noisy,naive,{'bins': 5},15,0,10.598707800032571,5,2
2026-05-12T13:27:59.213515,noisy,naive,{'bins': 5},15,1,10.595732400077395,5,2
2026-05-12T13:28:09.821914,noisy,naive,{'bins': 5},15,2,10.60784280009102,5,2
2026-05-12T13:28:20.408408,noisy,naive,{'bins': 5},15,3,10.585976000060327,5,2
2026-05-12T13:28:30.977014,noisy,naive,{'bins': 5},15,4,10.56811310001649,5,2
2026-05-12T13:28:42.685624,noisy,naive,{'bins': 5},16,0,11.703669099952094,5,2
2026-05-12T13:28:54.393220,noisy,naive,{'bins': 5},16,1,11.707096299971454,5,2
2026-05-12T13:29:06.158341,noisy,naive,{'bins': 5},16,2,11.76466690003872,5,2
2026-05-12T13:29:17.907999,noisy,naive,{'bins': 5},16,3,11.749112299992703,5,2
2026-05-12T13:29:29.669394,noisy,naive,{'bins': 5},16,4,11.760802499949932,5,2
2026-05-12T13:29:40.796031,noisy,naive,{'bins': 5},17,0,11.12149639998097,5,2
2026-05-12T13:29:51.887541,noisy,naive,{'bins': 5},17,1,11.0910281999968,5,2
2026-05-12T13:30:03.010729,noisy,naive,{'bins': 5},17,2,11.122692300006747,5,2
2026-05-12T13:30:14.058451,noisy,naive,{'bins': 5},17,3,11.047245000023395,5,2
2026-05-12T13:30:25.095400,noisy,naive,{'bins': 5},17,4,11.036399299977347,5,2
2026-05-12T13:30:37.409041,noisy,naive,{'bins': 5},18,0,12.308141099987552,5,2
2026-05-12T13:30:49.719466,noisy,naive,{'bins': 5},18,1,12.309868000098504,5,2
2026-05-12T13:31:02.104169,noisy,naive,{'bins': 5},18,2,12.384221300017089,5,2
2026-05-12T13:31:14.398927,noisy,naive,{'bins': 5},18,3,12.294267799938098,5,2
2026-05-12T13:31:26.695439,noisy,naive,{'bins': 5},18,4,12.295912300003693,5,2
2026-05-12T13:31:39.758381,noisy,naive,{'bins': 5},19,0,13.05717469996307,5,2
2026-05-12T13:31:52.875656,noisy,naive,{'bins': 5},19,1,13.11677329998929,5,2
2026-05-12T13:32:05.975408,noisy,naive,{'bins': 5},19,2,13.09920759999659,5,2
2026-05-12T13:32:19.062464,noisy,naive,{'bins': 5},19,3,13.086532800109126,5,2
2026-05-12T13:32:32.192220,noisy,naive,{'bins': 5},19,4,13.129192700027488,5,2
2026-05-12T13:32:46.866318,noisy,naive,{'bins': 5},20,0,14.668293299968354,5,2
2026-05-12T13:33:01.581229,noisy,naive,{'bins': 5},20,1,14.714390699984506,5,2
2026-05-12T13:33:16.484256,noisy,naive,{'bins': 5},20,2,14.90251599997282,5,2
2026-05-12T13:33:31.788443,noisy,naive,{'bins': 5},20,3,15.303683000034653,5,2
2026-05-12T13:33:46.867275,noisy,naive,{'bins': 5},20,4,15.078313500038348,5,2
2026-05-12T13:34:03.318595,noisy,naive,{'bins': 5},21,0,16.445172799983993,5,2
2026-05-12T13:34:19.783227,noisy,naive,{'bins': 5},21,1,16.464078499935567,5,2
2026-05-12T13:34:36.253694,noisy,naive,{'bins': 5},21,2,16.469920300063677,5,2
2026-05-12T13:34:52.759565,noisy,naive,{'bins': 5},21,3,16.505347599973902,5,2
2026-05-12T13:35:09.208381,noisy,naive,{'bins': 5},21,4,16.448229099973105,5,2
2026-05-12T13:35:26.818216,noisy,naive,{'bins': 5},22,0,17.6032802000409,5,2
2026-05-12T13:35:44.517769,noisy,naive,{'bins': 5},22,1,17.69904590002261,5,2
2026-05-12T13:36:02.147730,noisy,naive,{'bins': 5},22,2,17.629338899976574,5,2
2026-05-12T13:36:19.730569,noisy,naive,{'bins': 5},22,3,17.582333600032143,5,2
2026-05-12T13:36:37.291238,noisy,naive,{'bins': 5},22,4,17.56009480007924,5,2
2026-05-12T13:36:55.995478,noisy,naive,{'bins': 5},23,0,18.69775000005029,5,2
2026-05-12T13:37:14.639121,noisy,naive,{'bins': 5},23,1,18.643014899920672,5,2
2026-05-12T13:37:33.216480,noisy,naive,{'bins': 5},23,2,18.576793699990958,5,2
2026-05-12T13:37:51.912948,noisy,naive,{'bins': 5},23,3,18.69594790006522,5,2
2026-05-12T13:38:10.631874,noisy,naive,{'bins': 5},23,4,18.718367299996316,5,2
2026-05-12T13:38:30.975630,noisy,naive,{'bins': 5},24,0,20.33653939992655,5,2
2026-05-12T13:38:51.359110,noisy,naive,{'bins': 5},24,1,20.382929800078273,5,2
2026-05-12T13:39:11.862956,noisy,naive,{'bins': 5},24,2,20.503328199964017,5,2
2026-05-12T13:39:32.238893,noisy,naive,{'bins': 5},24,3,20.375451400061138,5,2
2026-05-12T13:39:52.568989,noisy,naive,{'bins': 5},24,4,20.329542300081812,5,2
2026-05-12T13:40:14.390083,noisy,naive,{'bins': 5},25,0,21.81369940005243,5,2
2026-05-12T13:40:36.064954,noisy,naive,{'bins': 5},25,1,21.674252800061367,5,2
2026-05-12T13:40:57.831032,noisy,naive,{'bins': 5},25,2,21.765633399947546,5,2
2026-05-12T13:41:19.657962,noisy,naive,{'bins': 5},25,3,21.826457699993625,5,2
2026-05-12T13:41:41.433456,noisy,naive,{'bins': 5},25,4,21.77493409998715,5,2
2026-05-12T13:42:04.884133,noisy,naive,{'bins': 5},26,0,23.443299499922432,5,2
2026-05-12T13:42:28.321195,noisy,naive,{'bins': 5},26,1,23.43656880001072,5,2
2026-05-12T13:42:51.733619,noisy,naive,{'bins': 5},26,2,23.4119381000055,5,2
2026-05-12T13:43:15.147395,noisy,naive,{'bins': 5},26,3,23.413275600061752,5,2
2026-05-12T13:43:38.494885,noisy,naive,{'bins': 5},26,4,23.34690500004217,5,2
2026-05-12T13:44:03.766624,noisy,naive,{'bins': 5},27,0,25.26440830004867,5,2
2026-05-12T13:44:29.154230,noisy,naive,{'bins': 5},27,1,25.387053399928845,5,2
2026-05-12T13:44:54.367663,noisy,naive,{'bins': 5},27,2,25.212917999946512,5,2
2026-05-12T13:45:19.610451,noisy,naive,{'bins': 5},27,3,25.24227150005754,5,2
2026-05-12T13:45:44.868426,noisy,naive,{'bins': 5},27,4,25.2574230999453,5,2
2026-05-12T13:46:11.327936,noisy,naive,{'bins': 5},28,0,26.452020200085826,5,2
2026-05-12T13:46:37.621029,noisy,naive,{'bins': 5},28,1,26.29258500004653,5,2
2026-05-12T13:47:03.913626,noisy,naive,{'bins': 5},28,2,26.292088599991985,5,2
2026-05-12T13:47:30.414171,noisy,naive,{'bins': 5},28,3,26.500056000077166,5,2
2026-05-12T13:47:57.010687,noisy,naive,{'bins': 5},28,4,26.595981499995105,5,2
2026-05-12T13:48:25.439244,noisy,naive,{'bins': 5},29,0,28.420446900068782,5,2
2026-05-12T13:48:53.853014,noisy,naive,{'bins': 5},29,1,28.41318760009017,5,2
2026-05-12T13:49:22.410494,noisy,naive,{'bins': 5},29,2,28.55693069996778,5,2
2026-05-12T13:49:50.965233,noisy,naive,{'bins': 5},29,3,28.55416379997041,5,2
2026-05-12T13:50:19.574740,noisy,naive,{'bins': 5},29,4,28.608955400064588,5,2
2026-05-12T13:50:50.315598,noisy,naive,{'bins': 5},30,0,30.732134599937126,5,2
2026-05-12T13:51:21.459208,noisy,naive,{'bins': 5},30,1,31.143002799944952,5,2
2026-05-12T13:51:52.112095,noisy,naive,{'bins': 5},30,2,30.65238370001316,5,2
2026-05-12T13:52:22.773002,noisy,naive,{'bins': 5},30,3,30.66039400000591,5,2
2026-05-12T13:52:53.630026,noisy,naive,{'bins': 5},30,4,30.856521200039424,5,2
2026-05-12T13:52:54.084869,noisy,sax,"{'w': 288, 'bins': 5}",1,0,0.09590830001980066,5,2
2026-05-12T13:52:54.177329,noisy,sax,"{'w': 288, 'bins': 5}",1,1,0.09201930009294301,5,2
2026-05-12T13:52:54.272365,noisy,sax,"{'w': 288, 'bins': 5}",1,2,0.09455010003875941,5,2
2026-05-12T13:52:54.365740,noisy,sax,"{'w': 288, 'bins': 5}",1,3,0.09293020004406571,5,2
2026-05-12T13:52:54.458029,noisy,sax,"{'w': 288, 'bins': 5}",1,4,0.09185940003953874,5,2
2026-05-12T13:52:54.724364,noisy,sax,"{'w': 288, 'bins': 5}",2,0,0.2591921000275761,5,2
2026-05-12T13:52:54.980003,noisy,sax,"{'w': 288, 'bins': 5}",2,1,0.25519110006280243,5,2
2026-05-12T13:52:55.235324,noisy,sax,"{'w': 288, 'bins': 5}",2,2,0.25485779996961355,5,2
2026-05-12T13:52:55.492863,noisy,sax,"{'w': 288, 'bins': 5}",2,3,0.2570223000366241,5,2
2026-05-12T13:52:55.749362,noisy,sax,"{'w': 288, 'bins': 5}",2,4,0.2560472999466583,5,2
2026-05-12T13:52:56.286746,noisy,sax,"{'w': 288, 'bins': 5}",3,0,0.5275736000621691,5,2
2026-05-12T13:52:56.812176,noisy,sax,"{'w': 288, 'bins': 5}",3,1,0.5248915000120178,5,2
2026-05-12T13:52:57.334856,noisy,sax,"{'w': 288, 'bins': 5}",3,2,0.5221527999965474,5,2
2026-05-12T13:52:57.859037,noisy,sax,"{'w': 288, 'bins': 5}",3,3,0.5237129000015557,5,2
2026-05-12T13:52:58.385774,noisy,sax,"{'w': 288, 'bins': 5}",3,4,0.5262424000538886,5,2
2026-05-12T13:52:59.295657,noisy,sax,"{'w': 288, 'bins': 5}",4,0,0.8971648000879213,5,2
2026-05-12T13:53:00.189671,noisy,sax,"{'w': 288, 'bins': 5}",4,1,0.8934695000061765,5,2
2026-05-12T13:53:01.118436,noisy,sax,"{'w': 288, 'bins': 5}",4,2,0.9283006999175996,5,2
2026-05-12T13:53:01.997614,noisy,sax,"{'w': 288, 'bins': 5}",4,3,0.8787578999763355,5,2
2026-05-12T13:53:02.881192,noisy,sax,"{'w': 288, 'bins': 5}",4,4,0.8831041000084952,5,2
2026-05-12T13:53:04.362945,noisy,sax,"{'w': 288, 'bins': 5}",5,0,1.4658038000343367,5,2
2026-05-12T13:53:05.819564,noisy,sax,"{'w': 288, 'bins': 5}",5,1,1.4561148000648245,5,2
2026-05-12T13:53:07.272553,noisy,sax,"{'w': 288, 'bins': 5}",5,2,1.4524623999604955,5,2
2026-05-12T13:53:08.771449,noisy,sax,"{'w': 288, 'bins': 5}",5,3,1.498416499933228,5,2
2026-05-12T13:53:10.232429,noisy,sax,"{'w': 288, 'bins': 5}",5,4,1.4605080999899656,5,2
2026-05-12T13:53:12.380560,noisy,sax,"{'w': 288, 'bins': 5}",6,0,2.1302846000762656,5,2
2026-05-12T13:53:14.548623,noisy,sax,"{'w': 288, 'bins': 5}",6,1,2.167547499993816,5,2
2026-05-12T13:53:16.669805,noisy,sax,"{'w': 288, 'bins': 5}",6,2,2.1206435000058264,5,2
2026-05-12T13:53:18.836080,noisy,sax,"{'w': 288, 'bins': 5}",6,3,2.165793599910103,5,2
2026-05-12T13:53:20.962095,noisy,sax,"{'w': 288, 'bins': 5}",6,4,2.1255119999404997,5,2
2026-05-12T13:53:23.824517,noisy,sax,"{'w': 288, 'bins': 5}",7,0,2.841717300005257,5,2
2026-05-12T13:53:26.722745,noisy,sax,"{'w': 288, 'bins': 5}",7,1,2.8976584000047296,5,2
2026-05-12T13:53:29.574853,noisy,sax,"{'w': 288, 'bins': 5}",7,2,2.8516006000572816,5,2
2026-05-12T13:53:32.477251,noisy,sax,"{'w': 288, 'bins': 5}",7,3,2.901840699953027,5,2
2026-05-12T13:53:35.353329,noisy,sax,"{'w': 288, 'bins': 5}",7,4,2.8755465999711305,5,2
2026-05-12T13:53:38.738634,noisy,sax,"{'w': 288, 'bins': 5}",8,0,3.3614248000085354,5,2
2026-05-12T13:53:42.044767,noisy,sax,"{'w': 288, 'bins': 5}",8,1,3.3056401999201626,5,2
2026-05-12T13:53:45.388924,noisy,sax,"{'w': 288, 'bins': 5}",8,2,3.3436878999928012,5,2
2026-05-12T13:53:48.678579,noisy,sax,"{'w': 288, 'bins': 5}",8,3,3.2891050999751315,5,2
2026-05-12T13:53:51.979385,noisy,sax,"{'w': 288, 'bins': 5}",8,4,3.300333800027147,5,2
2026-05-12T13:53:56.108839,noisy,sax,"{'w': 288, 'bins': 5}",9,0,4.102977200062014,5,2
2026-05-12T13:54:00.219610,noisy,sax,"{'w': 288, 'bins': 5}",9,1,4.110229999991134,5,2
2026-05-12T13:54:04.266432,noisy,sax,"{'w': 288, 'bins': 5}",9,2,4.046248300001025,5,2
2026-05-12T13:54:08.360481,noisy,sax,"{'w': 288, 'bins': 5}",9,3,4.093498999951407,5,2
2026-05-12T13:54:12.412734,noisy,sax,"{'w': 288, 'bins': 5}",9,4,4.051769800018519,5,2
2026-05-12T13:54:17.342884,noisy,sax,"{'w': 288, 'bins': 5}",10,0,4.9010264000389725,5,2
2026-05-12T13:54:22.244562,noisy,sax,"{'w': 288, 'bins': 5}",10,1,4.901133900042623,5,2
2026-05-12T13:54:27.082104,noisy,sax,"{'w': 288, 'bins': 5}",10,2,4.837068299995735,5,2
2026-05-12T13:54:31.965657,noisy,sax,"{'w': 288, 'bins': 5}",10,3,4.883110799943097,5,2
2026-05-12T13:54:36.863205,noisy,sax,"{'w': 288, 'bins': 5}",10,4,4.896927299909294,5,2
2026-05-12T13:54:43.286771,noisy,sax,"{'w': 288, 'bins': 5}",11,0,6.390909299952909,5,2
2026-05-12T13:54:49.663074,noisy,sax,"{'w': 288, 'bins': 5}",11,1,6.375732899992727,5,2
2026-05-12T13:54:56.048784,noisy,sax,"{'w': 288, 'bins': 5}",11,2,6.385154800023884,5,2
2026-05-12T13:55:02.521460,noisy,sax,"{'w': 288, 'bins': 5}",11,3,6.471741099958308,5,2
2026-05-12T13:55:08.896880,noisy,sax,"{'w': 288, 'bins': 5}",11,4,6.374793399940245,5,2
2026-05-12T13:55:16.284095,noisy,sax,"{'w': 288, 'bins': 5}",12,0,7.351955100079067,5,2
2026-05-12T13:55:23.676983,noisy,sax,"{'w': 288, 'bins': 5}",12,1,7.392277000006288,5,2
2026-05-12T13:55:31.014884,noisy,sax,"{'w': 288, 'bins': 5}",12,2,7.337358699995093,5,2
2026-05-12T13:55:38.344587,noisy,sax,"{'w': 288, 'bins': 5}",12,3,7.32922120008152,5,2
2026-05-12T13:55:45.642237,noisy,sax,"{'w': 288, 'bins': 5}",12,4,7.297134400112554,5,2
2026-05-12T13:55:53.116505,noisy,sax,"{'w': 288, 'bins': 5}",13,0,7.437064999947324,5,2
2026-05-12T13:56:00.556090,noisy,sax,"{'w': 288, 'bins': 5}",13,1,7.439027899992652,5,2
2026-05-12T13:56:07.967768,noisy,sax,"{'w': 288, 'bins': 5}",13,2,7.411186299985275,5,2
2026-05-12T13:56:15.303299,noisy,sax,"{'w': 288, 'bins': 5}",13,3,7.335082600009628,5,2
2026-05-12T13:56:22.646078,noisy,sax,"{'w': 288, 'bins': 5}",13,4,7.342302900040522,5,2
2026-05-12T13:56:31.086393,noisy,sax,"{'w': 288, 'bins': 5}",14,0,8.39928570005577,5,2
2026-05-12T13:56:39.527488,noisy,sax,"{'w': 288, 'bins': 5}",14,1,8.440598500077613,5,2
2026-05-12T13:56:48.014355,noisy,sax,"{'w': 288, 'bins': 5}",14,2,8.486296100076288,5,2
2026-05-12T13:56:56.462860,noisy,sax,"{'w': 288, 'bins': 5}",14,3,8.447998399962671,5,2
2026-05-12T13:57:04.920992,noisy,sax,"{'w': 288, 'bins': 5}",14,4,8.45758389995899,5,2
2026-05-12T13:57:15.344970,noisy,sax,"{'w': 288, 'bins': 5}",15,0,10.38093059998937,5,2
2026-05-12T13:57:25.735842,noisy,sax,"{'w': 288, 'bins': 5}",15,1,10.390280100051314,5,2
2026-05-12T13:57:36.144378,noisy,sax,"{'w': 288, 'bins': 5}",15,2,10.408031500061043,5,2
2026-05-12T13:57:46.620852,noisy,sax,"{'w': 288, 'bins': 5}",15,3,10.475919200107455,5,2
2026-05-12T13:57:57.013082,noisy,sax,"{'w': 288, 'bins': 5}",15,4,10.391699900035746,5,2
2026-05-12T13:58:09.282239,noisy,sax,"{'w': 288, 'bins': 5}",16,0,12.222728500026278,5,2
2026-05-12T13:58:21.450531,noisy,sax,"{'w': 288, 'bins': 5}",16,1,12.167770299944095,5,2
2026-05-12T13:58:33.555648,noisy,sax,"{'w': 288, 'bins': 5}",16,2,12.104590800008737,5,2
2026-05-12T13:58:45.849750,noisy,sax,"{'w': 288, 'bins': 5}",16,3,12.293557199998759,5,2
2026-05-12T13:58:58.109136,noisy,sax,"{'w': 288, 'bins': 5}",16,4,12.258837700006552,5,2
2026-05-12T13:59:10.907052,noisy,sax,"{'w': 288, 'bins': 5}",17,0,12.748958999989554,5,2
2026-05-12T13:59:23.706558,noisy,sax,"{'w': 288, 'bins': 5}",17,1,12.798946899943985,5,2
2026-05-12T13:59:36.499186,noisy,sax,"{'w': 288, 'bins': 5}",17,2,12.792136200005189,5,2
2026-05-12T13:59:49.230406,noisy,sax,"{'w': 288, 'bins': 5}",17,3,12.730660800007172,5,2
2026-05-12T14:00:02.127086,noisy,sax,"{'w': 288, 'bins': 5}",17,4,12.89619869994931,5,2
2026-05-12T14:00:16.396216,noisy,sax,"{'w': 288, 'bins': 5}",18,0,14.2181865000166,5,2
2026-05-12T14:00:30.632812,noisy,sax,"{'w': 288, 'bins': 5}",18,1,14.235992199974135,5,2
2026-05-12T14:00:44.789176,noisy,sax,"{'w': 288, 'bins': 5}",18,2,14.15580989990849,5,2
2026-05-12T14:00:58.901233,noisy,sax,"{'w': 288, 'bins': 5}",18,3,14.1115253000753,5,2
2026-05-12T14:01:13.137554,noisy,sax,"{'w': 288, 'bins': 5}",18,4,14.235702299978584,5,2
2026-05-12T14:01:29.419849,noisy,sax,"{'w': 288, 'bins': 5}",19,0,16.228434999939054,5,2
2026-05-12T14:01:45.674617,noisy,sax,"{'w': 288, 'bins': 5}",19,1,16.254237200017087,5,2
2026-05-12T14:02:01.878739,noisy,sax,"{'w': 288, 'bins': 5}",19,2,16.203625800088048,5,2
2026-05-12T14:02:18.074517,noisy,sax,"{'w': 288, 'bins': 5}",19,3,16.19524640007876,5,2
2026-05-12T14:02:34.254776,noisy,sax,"{'w': 288, 'bins': 5}",19,4,16.179721399908885,5,2
2026-05-12T14:02:52.467823,noisy,sax,"{'w': 288, 'bins': 5}",20,0,18.156246299971826,5,2
2026-05-12T14:03:12.941689,noisy,sax,"{'w': 288, 'bins': 5}",20,1,20.47329760005232,5,2
2026-05-12T14:03:32.729283,noisy,sax,"{'w': 288, 'bins': 5}",20,2,19.787042999989353,5,2
2026-05-12T14:03:51.534084,noisy,sax,"{'w': 288, 'bins': 5}",20,3,18.80421249999199,5,2
2026-05-12T14:04:10.570003,noisy,sax,"{'w': 288, 'bins': 5}",20,4,19.03540419996716,5,2
2026-05-12T14:04:32.781362,noisy,sax,"{'w': 288, 'bins': 5}",21,0,22.15001989994198,5,2
2026-05-12T14:04:54.233873,noisy,sax,"{'w': 288, 'bins': 5}",21,1,21.451945499982685,5,2
2026-05-12T14:05:16.133705,noisy,sax,"{'w': 288, 'bins': 5}",21,2,21.89931719994638,5,2
2026-05-12T14:05:37.567897,noisy,sax,"{'w': 288, 'bins': 5}",21,3,21.433656799956225,5,2
2026-05-12T14:05:59.453632,noisy,sax,"{'w': 288, 'bins': 5}",21,4,21.885214200010523,5,2
2026-05-12T14:06:23.507233,noisy,sax,"{'w': 288, 'bins': 5}",22,0,23.988605899969116,5,2
2026-05-12T14:06:47.881683,noisy,sax,"{'w': 288, 'bins': 5}",22,1,24.373871499905363,5,2
2026-05-12T14:07:19.619896,noisy,sax,"{'w': 288, 'bins': 5}",22,2,31.737709200009704,5,2
2026-05-12T14:07:47.067305,noisy,sax,"{'w': 288, 'bins': 5}",22,3,27.44688539998606,5,2
2026-05-12T14:08:14.779968,noisy,sax,"{'w': 288, 'bins': 5}",22,4,27.712166300043464,5,2
2026-05-12T14:08:43.216800,noisy,sax,"{'w': 288, 'bins': 5}",23,0,28.370282800053246,5,2
2026-05-12T14:09:10.497183,noisy,sax,"{'w': 288, 'bins': 5}",23,1,27.2798644999275,5,2
2026-05-12T14:09:35.287806,noisy,sax,"{'w': 288, 'bins': 5}",23,2,24.790075600030832,5,2
2026-05-12T14:10:02.135770,noisy,sax,"{'w': 288, 'bins': 5}",23,3,26.84751300001517,5,2
2026-05-12T14:10:37.717156,noisy,sax,"{'w': 288, 'bins': 5}",23,4,35.58087240008172,5,2
2026-05-12T14:11:03.501295,noisy,sax,"{'w': 288, 'bins': 5}",24,0,25.707211400032975,5,2
2026-05-12T14:11:29.596836,noisy,sax,"{'w': 288, 'bins': 5}",24,1,26.095013999962248,5,2
2026-05-12T14:11:56.900294,noisy,sax,"{'w': 288, 'bins': 5}",24,2,27.302935499930754,5,2
2026-05-12T14:12:25.969164,noisy,sax,"{'w': 288, 'bins': 5}",24,3,29.0683532000985,5,2
2026-05-12T14:12:53.967600,noisy,sax,"{'w': 288, 'bins': 5}",24,4,27.997901800088584,5,2
2026-05-12T14:13:27.443485,noisy,sax,"{'w': 288, 'bins': 5}",25,0,33.402124600019306,5,2
2026-05-12T14:13:57.624647,noisy,sax,"{'w': 288, 'bins': 5}",25,1,30.1805280999979,5,2
2026-05-12T14:14:27.991692,noisy,sax,"{'w': 288, 'bins': 5}",25,2,30.366445099934936,5,2
2026-05-12T14:14:57.287964,noisy,sax,"{'w': 288, 'bins': 5}",25,3,29.295720899943262,5,2
2026-05-12T14:15:26.540032,noisy,sax,"{'w': 288, 'bins': 5}",25,4,29.251553699956276,5,2
2026-05-12T14:15:57.425621,noisy,sax,"{'w': 288, 'bins': 5}",26,0,30.8097433000803,5,2
2026-05-12T14:16:28.435183,noisy,sax,"{'w': 288, 'bins': 5}",26,1,31.00904590007849,5,2
2026-05-12T14:16:59.493219,noisy,sax,"{'w': 288, 'bins': 5}",26,2,31.057505600037985,5,2
2026-05-12T14:17:30.533257,noisy,sax,"{'w': 288, 'bins': 5}",26,3,31.03952140000183,5,2
2026-05-12T14:18:01.560894,noisy,sax,"{'w': 288, 'bins': 5}",26,4,31.02711000002455,5,2
2026-05-12T14:18:36.323453,noisy,sax,"{'w': 288, 'bins': 5}",27,0,34.68365750007797,5,2
2026-05-12T14:19:11.231669,noisy,sax,"{'w': 288, 'bins': 5}",27,1,34.90762660000473,5,2
2026-05-12T14:19:45.785510,noisy,sax,"{'w': 288, 'bins': 5}",27,2,34.55329409998376,5,2
2026-05-12T14:20:20.719853,noisy,sax,"{'w': 288, 'bins': 5}",27,3,34.9338578999741,5,2
2026-05-12T14:20:55.425802,noisy,sax,"{'w': 288, 'bins': 5}",27,4,34.70546750002541,5,2
2026-05-12T14:21:32.817298,noisy,sax,"{'w': 288, 'bins': 5}",28,0,37.30994319997262,5,2
2026-05-12T14:22:10.114122,noisy,sax,"{'w': 288, 'bins': 5}",28,1,37.29627300007269,5,2
2026-05-12T14:22:47.047591,noisy,sax,"{'w': 288, 'bins': 5}",28,2,36.932915399898775,5,2
2026-05-12T14:23:24.236924,noisy,sax,"{'w': 288, 'bins': 5}",28,3,37.18883440003265,5,2
2026-05-12T14:24:01.710796,noisy,sax,"{'w': 288, 'bins': 5}",28,4,37.473357500042766,5,2
2026-05-12T14:24:42.657497,noisy,sax,"{'w': 288, 'bins': 5}",29,0,40.86278480000328,5,2
2026-05-12T14:25:22.488680,noisy,sax,"{'w': 288, 'bins': 5}",29,1,39.830659199971706,5,2
2026-05-12T14:26:02.650543,noisy,sax,"{'w': 288, 'bins': 5}",29,2,40.161340999999084,5,2
2026-05-12T14:26:41.990965,noisy,sax,"{'w': 288, 'bins': 5}",29,3,39.339911599992774,5,2
2026-05-12T14:27:23.233213,noisy,sax,"{'w': 288, 'bins': 5}",29,4,41.241743899998255,5,2
2026-05-12T14:28:06.973249,noisy,sax,"{'w': 288, 'bins': 5}",30,0,43.65437550004572,5,2
2026-05-12T14:28:51.264924,noisy,sax,"{'w': 288, 'bins': 5}",30,1,44.29115290008485,5,2
2026-05-12T14:29:33.785816,noisy,sax,"{'w': 288, 'bins': 5}",30,2,42.5203822000185,5,2
2026-05-12T14:30:17.000014,noisy,sax,"{'w': 288, 'bins': 5}",30,3,43.21365869999863,5,2
2026-05-12T14:31:03.534872,noisy,sax,"{'w': 288, 'bins': 5}",30,4,46.53427770000417,5,2
