timestamp,dataset,method,params,trace_count,repeat,tag_k,disc_time,learn_time,total_time,actual_bins,n_states,n_edges,n_inconsistencies
2026-05-15T06:10:58.545138,clean,naive,{'bins': 15},1,0,4,0.0004508066922426224,0.021222644485533237,0.022003861144185066,15,42,45,0
2026-05-15T06:10:58.568738,clean,naive,{'bins': 15},1,1,4,0.0003331555053591728,0.020838080905377865,0.021436885930597782,15,42,45,0
2026-05-15T06:10:58.592000,clean,naive,{'bins': 15},1,2,4,0.000304151326417923,0.02093408163636923,0.021499544382095337,15,42,45,0
2026-05-15T06:10:58.615041,clean,naive,{'bins': 15},1,3,4,0.0003042807802557945,0.020842760801315308,0.021402491256594658,15,42,45,0
2026-05-15T06:10:58.637838,clean,naive,{'bins': 15},1,4,4,0.0002999827265739441,0.0208626976236701,0.021422378718852997,15,42,45,0
2026-05-15T06:10:58.759211,clean,naive,{'bins': 15},2,0,4,0.0005427887663245201,0.11703393142670393,0.11797633115202188,15,81,89,0
2026-05-15T06:10:58.879544,clean,naive,{'bins': 15},2,1,4,0.0005420874804258347,0.11635734234005213,0.11729954089969397,15,81,89,0
2026-05-15T06:10:59.000125,clean,naive,{'bins': 15},2,2,4,0.0005468269810080528,0.11661374382674694,0.11756564024835825,15,81,89,0
2026-05-15T06:10:59.121801,clean,naive,{'bins': 15},2,3,4,0.0005336618050932884,0.11690486967563629,0.11785674653947353,15,81,89,0
2026-05-15T06:10:59.243689,clean,naive,{'bins': 15},2,4,4,0.0005459943786263466,0.11789291445165873,0.11885031219571829,15,81,89,0
2026-05-15T06:10:59.710993,clean,naive,{'bins': 15},3,0,4,0.0007597059011459351,0.46076248306781054,0.4620641665533185,15,103,120,0
2026-05-15T06:11:00.178365,clean,naive,{'bins': 15},3,1,4,0.0007862262427806854,0.46065416000783443,0.4619939550757408,15,103,120,0
2026-05-15T06:11:00.644534,clean,naive,{'bins': 15},3,2,4,0.0007781395688652992,0.4602885628119111,0.46163069177418947,15,103,120,0
2026-05-15T06:11:01.112661,clean,naive,{'bins': 15},3,3,4,0.0007892316207289696,0.4623798504471779,0.46372373308986425,15,103,120,0
2026-05-15T06:11:01.577450,clean,naive,{'bins': 15},3,4,4,0.0007961150258779526,0.4589616609737277,0.4603355713188648,15,103,120,0
2026-05-15T06:11:02.166003,clean,naive,{'bins': 15},4,0,4,0.0009886259213089943,0.5796479107812047,0.5813573691993952,15,107,126,0
2026-05-15T06:11:02.750411,clean,naive,{'bins': 15},4,1,4,0.0010267077013850212,0.5762165887281299,0.5779469767585397,15,107,126,0
2026-05-15T06:11:03.339335,clean,naive,{'bins': 15},4,2,4,0.001020156778395176,0.5810298351570964,0.582767628133297,15,107,126,0
2026-05-15T06:11:03.969635,clean,naive,{'bins': 15},4,3,4,0.001012059859931469,0.62165058683604,0.6233861446380615,15,107,126,0
2026-05-15T06:11:04.553447,clean,naive,{'bins': 15},4,4,4,0.0011697355657815933,0.5753661124035716,0.577291295863688,15,107,126,0
2026-05-15T06:11:05.246833,clean,naive,{'bins': 15},5,0,4,0.001186177134513855,0.6831735409796238,0.6852983608841896,15,87,109,0
2026-05-15T06:11:05.939422,clean,naive,{'bins': 15},5,1,4,0.0012142891064286232,0.6832453962415457,0.6852917578071356,15,87,109,0
2026-05-15T06:11:06.630456,clean,naive,{'bins': 15},5,2,4,0.0012057842686772346,0.681346882134676,0.6833809912204742,15,87,109,0
2026-05-15T06:11:07.321549,clean,naive,{'bins': 15},5,3,4,0.0012184372171759605,0.6818424426019192,0.6839040229097009,15,87,109,0
2026-05-15T06:11:08.013702,clean,naive,{'bins': 15},5,4,4,0.0012302985414862633,0.6828330736607313,0.6849033590406179,15,87,109,0
2026-05-15T06:11:08.857452,clean,naive,{'bins': 15},6,0,4,0.0014398125931620598,0.8332522613927722,0.8358362726867199,15,58,81,0
2026-05-15T06:11:09.656999,clean,naive,{'bins': 15},6,1,4,0.0016142399981617928,0.7893298706039786,0.7919437782838941,15,58,81,0
2026-05-15T06:11:10.462002,clean,naive,{'bins': 15},6,2,4,0.001441015861928463,0.7952498253434896,0.7976644886657596,15,58,81,0
2026-05-15T06:11:11.266338,clean,naive,{'bins': 15},6,3,4,0.0014409450814127922,0.7947835987433791,0.7972165672108531,15,58,81,0
2026-05-15T06:11:12.063937,clean,naive,{'bins': 15},6,4,4,0.001430886797606945,0.788247718475759,0.7906585047021508,15,58,81,0
2026-05-15T06:11:13.634577,clean,naive,{'bins': 15},7,0,4,0.0017646830528974533,1.556542780250311,1.5594296595081687,15,97,126,0
2026-05-15T06:11:15.171816,clean,naive,{'bins': 15},7,1,4,0.0018594618886709213,1.5235500782728195,1.5265805879607797,15,97,126,0
2026-05-15T06:11:16.699166,clean,naive,{'bins': 15},7,2,4,0.001665567047894001,1.5139115722849965,1.5167223289608955,15,97,126,0
2026-05-15T06:11:18.279380,clean,naive,{'bins': 15},7,3,4,0.001664203591644764,1.566814934834838,1.5696106432005763,15,97,126,0
2026-05-15T06:11:19.818107,clean,naive,{'bins': 15},7,4,4,0.0023032836616039276,1.5242712013423443,1.5278775123879313,15,97,126,0
2026-05-15T06:11:22.187921,clean,naive,{'bins': 15},8,0,4,0.0019628359004855156,2.353120196610689,2.356347185559571,15,115,149,0
2026-05-15T06:11:24.612410,clean,naive,{'bins': 15},8,1,4,0.0020106155425310135,2.407922794111073,2.4112298730760813,15,115,149,0
2026-05-15T06:11:26.975523,clean,naive,{'bins': 15},8,2,4,0.002090143971145153,2.34683408588171,2.3502295212820172,15,115,149,0
2026-05-15T06:11:29.395618,clean,naive,{'bins': 15},8,3,4,0.0019792355597019196,2.403910841792822,2.407151156105101,15,115,149,0
2026-05-15T06:11:31.770730,clean,naive,{'bins': 15},8,4,4,0.002092999406158924,2.358676329255104,2.3620966700837016,15,115,149,0
2026-05-15T06:11:34.650833,clean,naive,{'bins': 15},9,0,4,0.002175513654947281,2.860792580060661,2.8645002404227853,15,123,166,0
2026-05-15T06:11:37.586941,clean,naive,{'bins': 15},9,1,4,0.0023148562759160995,2.917261957190931,2.9210797352716327,15,123,166,0
2026-05-15T06:11:40.516260,clean,naive,{'bins': 15},9,2,4,0.0023258160799741745,2.9077697470784187,2.9115619361400604,15,123,166,0
2026-05-15T06:11:43.418729,clean,naive,{'bins': 15},9,3,4,0.0023730145767331123,2.883476789109409,2.8873396404087543,15,123,166,0
2026-05-15T06:11:46.352523,clean,naive,{'bins': 15},9,4,4,0.002207583747804165,2.915048341266811,2.9187122704461217,15,123,166,0
2026-05-15T06:11:49.339272,clean,naive,{'bins': 15},10,0,4,0.0024857670068740845,2.969897205941379,2.974139401689172,15,44,69,0
2026-05-15T06:11:52.360474,clean,naive,{'bins': 15},10,1,4,0.0025170156732201576,3.005178133957088,3.0093585224822164,15,44,69,0
2026-05-15T06:11:55.395776,clean,naive,{'bins': 15},10,2,4,0.00260881707072258,3.0185609804466367,3.02289039734751,15,44,69,0
2026-05-15T06:11:58.429890,clean,naive,{'bins': 15},10,3,4,0.0026032384485006332,3.017495770007372,3.021817944943905,15,44,69,0
2026-05-15T06:12:01.425047,clean,naive,{'bins': 15},10,4,4,0.0025721192359924316,2.9786190828308463,2.9829336423426867,15,44,69,0
2026-05-15T06:12:04.964411,clean,naive,{'bins': 15},11,0,4,0.002691803500056267,3.515420292504132,3.519958362914622,15,124,170,0
2026-05-15T06:12:08.473703,clean,naive,{'bins': 15},11,1,4,0.002830202691257,3.48616667278111,3.4908826760947704,15,124,170,0
2026-05-15T06:12:11.961626,clean,naive,{'bins': 15},11,2,4,0.0028032315894961357,3.464705180376768,3.469384154304862,15,124,170,0
2026-05-15T06:12:15.496520,clean,naive,{'bins': 15},11,3,4,0.0027119722217321396,3.5114382579922676,3.516055746935308,15,124,170,0
2026-05-15T06:12:19.032137,clean,naive,{'bins': 15},11,4,4,0.0028510428965091705,3.511744063347578,3.516456490382552,15,124,170,0
2026-05-15T06:12:23.556103,clean,naive,{'bins': 15},12,0,4,0.003329770639538765,4.501993344165385,4.507457973435521,15,63,92,0
2026-05-15T06:12:28.055148,clean,naive,{'bins': 15},12,1,4,0.0030736494809389114,4.478506720624864,4.483661257661879,15,63,92,0
2026-05-15T06:12:32.544792,clean,naive,{'bins': 15},12,2,4,0.003047882579267025,4.469211311079562,4.474280388094485,15,63,92,0
2026-05-15T06:12:37.057595,clean,naive,{'bins': 15},12,3,4,0.00305216945707798,4.49202970135957,4.4971187049523,15,63,92,0
2026-05-15T06:12:41.529020,clean,naive,{'bins': 15},12,4,4,0.0030417200177907944,4.450753198936582,4.455829148180783,15,63,92,0
2026-05-15T06:12:47.191274,clean,naive,{'bins': 15},13,0,4,0.003164941444993019,5.636397970840335,5.6417388785630465,15,102,146,0
2026-05-15T06:12:52.839962,clean,naive,{'bins': 15},13,1,4,0.003300555981695652,5.623637315817177,5.629081967286766,15,102,146,0
2026-05-15T06:12:58.452696,clean,naive,{'bins': 15},13,2,4,0.003291127271950245,5.587979299947619,5.593460409902036,15,102,146,0
2026-05-15T06:13:04.131432,clean,naive,{'bins': 15},13,3,4,0.0032470058649778366,5.653968371450901,5.659389719367027,15,102,146,0
2026-05-15T06:13:09.811972,clean,naive,{'bins': 15},13,4,4,0.003322778269648552,5.654698942787945,5.660193328745663,15,102,146,0
2026-05-15T06:13:16.680426,clean,naive,{'bins': 15},14,0,4,0.003468351438641548,6.8382775988429785,6.844042401760817,15,131,183,0
2026-05-15T06:13:23.629951,clean,naive,{'bins': 15},14,1,4,0.0035659335553646088,6.9194999393075705,6.925351354293525,15,131,183,0
2026-05-15T06:13:30.515087,clean,naive,{'bins': 15},14,2,4,0.003700016066431999,6.854836229234934,6.860864396207035,15,131,183,0
2026-05-15T06:13:37.470890,clean,naive,{'bins': 15},14,3,4,0.0035472502931952477,6.925381684675813,6.931268376298249,15,131,183,0
2026-05-15T06:13:44.379272,clean,naive,{'bins': 15},14,4,4,0.003527001477777958,6.878577194176614,6.884424772113562,15,131,183,0
2026-05-15T06:13:52.075673,clean,naive,{'bins': 15},15,0,4,0.0037229694426059723,7.658823545090854,7.66503159981221,15,153,203,0
2026-05-15T06:13:59.822013,clean,naive,{'bins': 15},15,1,4,0.003786219283938408,7.711083771660924,7.717408216558397,15,153,203,0
2026-05-15T06:14:07.579315,clean,naive,{'bins': 15},15,2,4,0.003800375387072563,7.722391752526164,7.728785878047347,15,153,203,0
2026-05-15T06:14:15.261843,clean,naive,{'bins': 15},15,3,4,0.0037946123629808426,7.647176223807037,7.653576700016856,15,153,203,0
2026-05-15T06:14:23.034629,clean,naive,{'bins': 15},15,4,4,0.003772132098674774,7.737518146634102,7.743915936909616,15,153,203,0
2026-05-15T06:14:30.637981,clean,naive,{'bins': 15},16,0,4,0.004053180105984211,7.574818571098149,7.581543507054448,15,59,92,0
2026-05-15T06:14:38.246346,clean,naive,{'bins': 15},16,1,4,0.004035675898194313,7.580378782004118,7.587063571438193,15,59,92,0
2026-05-15T06:14:45.851205,clean,naive,{'bins': 15},16,2,4,0.004042589105665684,7.576968922279775,7.583703866228461,15,59,92,0
2026-05-15T06:14:53.437161,clean,naive,{'bins': 15},16,3,4,0.004067176952958107,7.555058708414435,7.561758477240801,15,59,92,0
2026-05-15T06:15:01.074342,clean,naive,{'bins': 15},16,4,4,0.0441161235794425,7.569741106592119,7.616836052387953,15,59,92,0
2026-05-15T06:15:09.686110,clean,naive,{'bins': 15},17,0,4,0.004172834567725658,8.581752110272646,8.58876836206764,15,57,86,0
2026-05-15T06:15:18.261352,clean,naive,{'bins': 15},17,1,4,0.004310682415962219,8.545332147739828,8.552465419285,15,57,86,0
2026-05-15T06:15:26.970904,clean,naive,{'bins': 15},17,2,4,0.0047766780480742455,8.679144379682839,8.686792288906872,15,57,86,0
2026-05-15T06:15:35.575548,clean,naive,{'bins': 15},17,3,4,0.0042789531871676445,8.57555448077619,8.5827232087031,15,57,86,0
2026-05-15T06:15:44.145935,clean,naive,{'bins': 15},17,4,4,0.004295675083994865,8.540894691832364,8.548014759086072,15,57,86,0
2026-05-15T06:15:54.506389,clean,naive,{'bins': 15},18,0,4,0.004429025575518608,10.329140109941363,10.336483405902982,15,51,78,0
2026-05-15T06:16:04.762930,clean,naive,{'bins': 15},18,1,4,0.004529953934252262,10.225734145380557,10.233338381163776,15,51,78,0
2026-05-15T06:16:15.029077,clean,naive,{'bins': 15},18,2,4,0.004521259106695652,10.23531560599804,10.242824885062873,15,51,78,0
2026-05-15T06:16:25.387498,clean,naive,{'bins': 15},18,3,4,0.00450220238417387,10.327180889435112,10.334617470391095,15,51,78,0
2026-05-15T06:16:35.633429,clean,naive,{'bins': 15},18,4,4,0.004648416303098202,10.215020209550858,10.222680209204555,15,51,78,0
2026-05-15T06:16:45.944816,clean,naive,{'bins': 15},19,0,4,0.004696057178080082,10.271655310876667,10.27944384329021,15,94,140,0
2026-05-15T06:16:56.309253,clean,naive,{'bins': 15},19,1,4,0.004771849140524864,10.325242378748953,10.333178227767348,15,94,140,0
2026-05-15T06:17:06.639146,clean,naive,{'bins': 15},19,2,4,0.0048027364537119865,10.29162142984569,10.299514599144459,15,94,140,0
2026-05-15T06:17:16.958507,clean,naive,{'bins': 15},19,3,4,0.004793389700353146,10.28114019613713,10.289020200259984,15,94,140,0
2026-05-15T06:17:27.357983,clean,naive,{'bins': 15},19,4,4,0.004767821170389652,10.360272513702512,10.368342685513198,15,94,140,0
2026-05-15T06:17:36.136570,clean,naive,{'bins': 15},20,0,4,0.005120484158396721,8.737595760263503,8.74602690897882,15,86,126,0
2026-05-15T06:17:44.900832,clean,naive,{'bins': 15},20,1,4,0.005029072053730488,8.723710572347045,8.732071029953659,15,86,126,0
2026-05-15T06:17:53.665524,clean,naive,{'bins': 15},20,2,4,0.005004344508051872,8.72443075850606,8.732767648994923,15,86,126,0
2026-05-15T06:18:02.393118,clean,naive,{'bins': 15},20,3,4,0.0050167180597782135,8.684859558008611,8.693234010599554,15,86,126,0
2026-05-15T06:18:11.136977,clean,naive,{'bins': 15},20,4,4,0.004990058951079845,8.704311358742416,8.712680571712554,15,86,126,0
2026-05-15T06:18:21.129473,clean,naive,{'bins': 15},21,0,4,0.005151992663741112,9.95765346288681,9.966317428275943,15,32,54,0
2026-05-15T06:18:31.110866,clean,naive,{'bins': 15},21,1,4,0.00546618178486824,9.94677599798888,9.955785371363163,15,32,54,0
2026-05-15T06:18:41.059983,clean,naive,{'bins': 15},21,2,4,0.005310719832777977,9.91537894681096,9.924122240394354,15,32,54,0
2026-05-15T06:18:51.102421,clean,naive,{'bins': 15},21,3,4,0.005257980898022652,10.008782706223428,10.017632500268519,15,32,54,0
2026-05-15T06:19:01.112053,clean,naive,{'bins': 15},21,4,4,0.005287737585604191,9.974524945020676,9.98333082627505,15,32,54,0
2026-05-15T06:19:12.449548,clean,naive,{'bins': 15},22,0,4,0.005417562089860439,11.296576285734773,11.305580190382898,15,65,97,0
2026-05-15T06:19:23.760497,clean,naive,{'bins': 15},22,1,4,0.005577020347118378,11.271202344447374,11.280426702462137,15,65,97,0
2026-05-15T06:19:35.067805,clean,naive,{'bins': 15},22,2,4,0.006077238358557224,11.266958191990852,11.276775212027133,15,65,97,0
2026-05-15T06:19:46.334495,clean,naive,{'bins': 15},22,3,4,0.00561110395938158,11.226571014150977,11.235747923143208,15,65,97,0
2026-05-15T06:19:57.728297,clean,naive,{'bins': 15},22,4,4,0.005444411188364029,11.354246753267944,11.363402662798762,15,65,97,0
2026-05-15T06:20:10.144049,clean,naive,{'bins': 15},23,0,4,0.0056549664586782455,12.374968940392137,12.38432417344302,15,61,92,0
2026-05-15T06:20:22.515276,clean,naive,{'bins': 15},23,1,4,0.005730939097702503,12.329877021722496,12.339534903876483,15,61,92,0
2026-05-15T06:20:34.895772,clean,naive,{'bins': 15},23,2,4,0.005896570160984993,12.338895189575851,12.348576224409044,15,61,92,0
2026-05-15T06:20:47.255536,clean,naive,{'bins': 15},23,3,4,0.005775883793830872,12.318692026659846,12.328261330723763,15,61,92,0
2026-05-15T06:20:59.626187,clean,naive,{'bins': 15},23,4,4,0.005806431174278259,12.33022085390985,12.339753330685198,15,61,92,0
2026-05-15T06:21:12.977640,clean,naive,{'bins': 15},24,0,4,0.005870060995221138,13.307506286539137,13.317317907698452,15,58,88,0
2026-05-15T06:21:26.393570,clean,naive,{'bins': 15},24,1,4,0.005989535711705685,13.372395124286413,13.3823834778741,15,58,88,0
2026-05-15T06:21:39.652394,clean,naive,{'bins': 15},24,2,4,0.006202234886586666,13.214865347370505,13.224917439743876,15,58,88,0
2026-05-15T06:21:53.121064,clean,naive,{'bins': 15},24,3,4,0.00603832583874464,13.424882247112691,13.434851411730051,15,58,88,0
2026-05-15T06:22:06.460233,clean,naive,{'bins': 15},24,4,4,0.00600219052284956,13.295639144256711,13.305608000606298,15,58,88,0
2026-05-15T06:22:21.223850,clean,naive,{'bins': 15},25,0,4,0.006195861846208572,14.717035304754972,14.727285588160157,15,58,88,0
2026-05-15T06:22:35.983068,clean,naive,{'bins': 15},25,1,4,0.04686245881021023,14.670049143023789,14.721344042569399,15,58,88,0
2026-05-15T06:22:50.808809,clean,naive,{'bins': 15},25,2,4,0.006289256736636162,14.779939847998321,14.790376039221883,15,58,88,0
2026-05-15T06:23:05.520727,clean,naive,{'bins': 15},25,3,4,0.006282082758843899,14.665856467559934,14.676372841000557,15,58,88,0
2026-05-15T06:23:20.333766,clean,naive,{'bins': 15},25,4,4,0.00626011285930872,14.767126227729023,14.777390657924116,15,58,88,0
2026-05-15T06:23:35.801259,clean,naive,{'bins': 15},26,0,4,0.0065594632178545,15.418423110619187,15.429312563501298,15,58,88,0
2026-05-15T06:23:51.213855,clean,naive,{'bins': 15},26,1,4,0.006539236754179001,15.363748835399747,15.374643699266016,15,58,88,0
2026-05-15T06:24:06.743607,clean,naive,{'bins': 15},26,2,4,0.006563042290508747,15.439817905426025,15.492050546221435,15,58,88,0
2026-05-15T06:24:22.288453,clean,naive,{'bins': 15},26,3,4,0.006518969312310219,15.455387343652546,15.507391846738756,15,58,88,0
2026-05-15T06:24:37.728482,clean,naive,{'bins': 15},26,4,4,0.00674013327807188,15.350942739285529,15.4031773628667,15,58,88,0
2026-05-15T06:24:54.373345,clean,naive,{'bins': 15},27,0,4,0.006732810288667679,16.59169515967369,16.602908803150058,15,58,88,0
2026-05-15T06:25:11.008988,clean,naive,{'bins': 15},27,1,4,0.006688167341053486,16.585334067232907,16.596523554995656,15,58,88,0
2026-05-15T06:25:27.816879,clean,naive,{'bins': 15},27,2,4,0.0067927222698926926,16.75751385744661,16.76877636089921,15,58,88,0
2026-05-15T06:25:44.467653,clean,naive,{'bins': 15},27,3,4,0.0069863563403487206,16.599988921545446,16.611503779888153,15,58,88,0
2026-05-15T06:26:01.156175,clean,naive,{'bins': 15},27,4,4,0.006662487052381039,16.636524943634868,16.647763311862946,15,58,88,0
2026-05-15T06:26:19.993893,clean,naive,{'bins': 15},28,0,4,0.00685813557356596,18.79042625799775,18.801921939477324,15,23,43,0
2026-05-15T06:26:38.864094,clean,naive,{'bins': 15},28,1,4,0.0076743969693779945,18.822966030798852,18.835293823853135,15,23,43,0
2026-05-15T06:26:57.643244,clean,naive,{'bins': 15},28,2,4,0.006994190625846386,18.733361500315368,18.744962659664452,15,23,43,0
2026-05-15T06:27:16.449669,clean,naive,{'bins': 15},28,3,4,0.006997526623308659,18.75732724647969,18.769026931375265,15,23,43,0
2026-05-15T06:27:35.222746,clean,naive,{'bins': 15},28,4,4,0.0069290390238165855,18.72651493176818,18.738029789179564,15,23,43,0
2026-05-15T06:27:54.742523,clean,naive,{'bins': 15},29,0,4,0.0073079802095890045,19.470296094194055,19.4824488600716,15,23,43,0
2026-05-15T06:28:14.262230,clean,naive,{'bins': 15},29,1,4,0.007328568957746029,19.47092615906149,19.483058937825263,15,23,43,0
2026-05-15T06:28:33.872906,clean,naive,{'bins': 15},29,2,4,0.007286369800567627,19.561954006552696,19.573959605768323,15,23,43,0
2026-05-15T06:28:53.580784,clean,naive,{'bins': 15},29,3,4,0.007450307719409466,19.657999365590513,19.670242791064084,15,23,43,0
2026-05-15T06:29:13.231679,clean,naive,{'bins': 15},29,4,4,0.007292040623724461,19.602929139509797,19.61500283703208,15,23,43,0
2026-05-15T06:29:37.509688,clean,naive,{'bins': 15},30,0,4,0.0074972547590732574,24.226573582738638,24.23902910668403,15,24,44,0
2026-05-15T06:30:01.717422,clean,naive,{'bins': 15},30,1,4,0.0076667144894599915,24.15613278839737,24.168800541199744,15,24,44,0
2026-05-15T06:30:26.048809,clean,naive,{'bins': 15},30,2,4,0.007573558948934078,24.280744452029467,24.293211889453232,15,24,44,0
2026-05-15T06:30:50.489068,clean,naive,{'bins': 15},30,3,4,0.007616739720106125,24.389096752740443,24.401669496670365,15,24,44,0
2026-05-15T06:31:14.846841,clean,naive,{'bins': 15},30,4,4,0.0075049009174108505,24.306190352886915,24.318509471602738,15,24,44,0
2026-05-15T06:31:37.827577,clean,naive,{'bins': 15},31,0,4,0.007719853892922401,22.925796408206224,22.938684404827654,15,23,43,0
2026-05-15T06:32:00.687962,clean,naive,{'bins': 15},31,1,4,0.007978338748216629,22.807560638524592,22.820669970475137,15,23,43,0
2026-05-15T06:32:23.547508,clean,naive,{'bins': 15},31,2,4,0.00782813597470522,22.8062804620713,22.81914613582194,15,23,43,0
2026-05-15T06:32:46.351538,clean,naive,{'bins': 15},31,3,4,0.007925659418106079,22.750182752497494,22.76323269121349,15,23,43,0
2026-05-15T06:33:09.332079,clean,naive,{'bins': 15},31,4,4,0.007766281254589558,22.927931563928723,22.94080648571253,15,23,43,0
2026-05-15T06:33:29.658487,clean,naive,{'bins': 15},32,0,4,0.007919748313724995,20.26928207743913,20.282453515566885,15,22,42,0
2026-05-15T06:33:49.841999,clean,naive,{'bins': 15},32,1,4,0.008243466727435589,20.128025784157217,20.141551828943193,15,22,42,0
2026-05-15T06:34:10.007092,clean,naive,{'bins': 15},32,2,4,0.008056053891777992,20.109288228675723,20.12253352627158,15,22,42,0
2026-05-15T06:34:30.218904,clean,naive,{'bins': 15},32,3,4,0.00805702619254589,20.156275955960155,20.169538334943354,15,22,42,0
2026-05-15T06:34:50.369807,clean,naive,{'bins': 15},32,4,4,0.008145333267748356,20.09567874390632,20.108995335176587,15,22,42,0
2026-05-15T06:35:16.045995,clean,naive,{'bins': 15},33,0,4,0.008186639286577702,25.618793791159987,25.63238173071295,15,20,41,0
2026-05-15T06:35:41.929375,clean,naive,{'bins': 15},33,1,4,0.008242415264248848,25.825001298449934,25.838693444617093,15,20,41,0
2026-05-15T06:36:07.505939,clean,naive,{'bins': 15},33,2,4,0.008583144284784794,25.519017190672457,25.53301193471998,15,20,41,0
2026-05-15T06:36:33.142664,clean,naive,{'bins': 15},33,3,4,0.008277741260826588,25.579206572845578,25.592965413816273,15,20,41,0
2026-05-15T06:36:58.842930,clean,naive,{'bins': 15},33,4,4,0.008451666682958603,25.642440227791667,25.65636589191854,15,20,41,0
2026-05-15T06:37:25.670747,clean,naive,{'bins': 15},34,0,4,0.008468729443848133,26.767489331774414,26.781529220752418,15,20,41,0
2026-05-15T06:37:52.492717,clean,naive,{'bins': 15},34,1,4,0.00870497152209282,26.76288648508489,26.77719345409423,15,20,41,0
2026-05-15T06:38:19.428479,clean,naive,{'bins': 15},34,2,4,0.00855791661888361,26.876501007005572,26.890633700415492,15,20,41,0
2026-05-15T06:38:46.145796,clean,naive,{'bins': 15},34,3,4,0.008710363879799843,26.657449414022267,26.671800487674773,15,20,41,0
2026-05-15T06:39:12.940464,clean,naive,{'bins': 15},34,4,4,0.00869006384164095,26.735268535092473,26.749515782110393,15,20,41,0
2026-05-15T06:39:34.909674,clean,naive,{'bins': 15},35,0,4,0.00868915393948555,21.90323651768267,21.91763510927558,15,31,54,0
2026-05-15T06:39:57.103458,clean,naive,{'bins': 15},35,1,4,0.009014914743602276,22.129658717662096,22.144353586249053,15,31,54,0
2026-05-15T06:40:19.153040,clean,naive,{'bins': 15},35,2,4,0.008804389275610447,21.98577725980431,22.000277012586594,15,31,54,0
2026-05-15T06:40:41.196473,clean,naive,{'bins': 15},35,3,4,0.008925918489694595,21.978045059368014,21.992703238502145,15,31,54,0
2026-05-15T06:41:03.358492,clean,naive,{'bins': 15},35,4,4,0.008653637021780014,22.09775310382247,22.112177664414048,15,31,54,0
2026-05-15T06:41:26.650472,clean,naive,{'bins': 15},36,0,4,0.00888657383620739,23.22315690666437,23.238035519607365,15,36,61,0
2026-05-15T06:41:49.905933,clean,naive,{'bins': 15},36,1,4,0.009137434884905815,23.186070065945387,23.201148794963956,15,36,61,0
2026-05-15T06:42:13.106771,clean,naive,{'bins': 15},36,2,4,0.009047173894941807,23.089295999146998,23.14621398691088,15,36,61,0
2026-05-15T06:42:36.310329,clean,naive,{'bins': 15},36,3,4,0.04995897226035595,23.093372588045895,23.14970604889095,15,36,61,0
2026-05-15T06:42:59.422793,clean,naive,{'bins': 15},36,4,4,0.05012040678411722,23.002908087335527,23.059488290920854,15,36,61,0
2026-05-15T06:43:30.712514,clean,naive,{'bins': 15},37,0,4,0.009192408062517643,31.20971846114844,31.225021831691265,15,66,106,0
2026-05-15T06:44:01.675353,clean,naive,{'bins': 15},37,1,4,0.009602597914636135,30.845180212520063,30.90322701074183,15,66,106,0
2026-05-15T06:44:32.928464,clean,naive,{'bins': 15},37,2,4,0.009235368110239506,31.177842814475298,31.1931860903278,15,66,106,0
2026-05-15T06:45:04.093142,clean,naive,{'bins': 15},37,3,4,0.00950674805790186,31.088891658000648,31.104560905136168,15,66,106,0
2026-05-15T06:45:35.450056,clean,naive,{'bins': 15},37,4,4,0.009301122277975082,31.280290721915662,31.295732772909105,15,66,106,0
2026-05-15T06:46:07.302736,clean,naive,{'bins': 15},38,0,4,0.009465510956943035,31.76906445901841,31.784826381132007,15,79,119,0
2026-05-15T06:46:39.278476,clean,naive,{'bins': 15},38,1,4,0.009540850296616554,31.89380307495594,31.909596965648234,15,79,119,0
2026-05-15T06:47:11.197899,clean,naive,{'bins': 15},38,2,4,0.009744934737682343,31.83619654364884,31.85224039386958,15,79,119,0
2026-05-15T06:47:43.073761,clean,naive,{'bins': 15},38,3,4,0.00948617048561573,31.7923440951854,31.80814309604466,15,79,119,0
2026-05-15T06:48:14.987228,clean,naive,{'bins': 15},38,4,4,0.05137521121650934,31.788505194708705,31.846533908508718,15,79,119,0
2026-05-15T06:48:45.278357,clean,naive,{'bins': 15},39,0,4,0.00977322831749916,30.189589897170663,30.205950832925737,15,130,193,0
2026-05-15T06:49:15.542656,clean,naive,{'bins': 15},39,1,4,0.010088982060551643,30.164702388457954,30.18135498277843,15,130,193,0
2026-05-15T06:49:45.794006,clean,naive,{'bins': 15},39,2,4,0.009800860658288002,30.149985362775624,30.16637113597244,15,130,193,0
2026-05-15T06:50:16.056942,clean,naive,{'bins': 15},39,3,4,0.009846736676990986,30.163203584961593,30.17961967457086,15,130,193,0
2026-05-15T06:50:46.365986,clean,naive,{'bins': 15},39,4,4,0.009777677245438099,30.205680266022682,30.221929432824254,15,130,193,0
2026-05-15T06:51:29.532233,clean,naive,{'bins': 15},40,0,4,0.010043405927717686,43.092355825938284,43.10904322564602,15,21,44,0
2026-05-15T06:52:12.696186,clean,naive,{'bins': 15},40,1,4,0.010371753014624119,43.08982031419873,43.10695891268551,15,21,44,0
2026-05-15T06:52:55.960794,clean,naive,{'bins': 15},40,2,4,0.010127844288945198,43.19145390484482,43.20823601260781,15,21,44,0
2026-05-15T06:53:39.243192,clean,naive,{'bins': 15},40,3,4,0.010302441194653511,43.20835494622588,43.22534985188395,15,21,44,0
2026-05-15T06:54:22.223725,clean,naive,{'bins': 15},40,4,4,0.010201341472566128,42.90715628210455,42.924097226932645,15,21,44,0
2026-05-15T06:55:03.984903,clean,naive,{'bins': 15},41,0,4,0.01032302062958479,41.682699906639755,41.69982154015452,15,22,45,0
2026-05-15T06:55:45.941140,clean,naive,{'bins': 15},41,1,4,0.01033469196408987,41.88007174897939,41.89726528804749,15,22,45,0
2026-05-15T06:56:27.818494,clean,naive,{'bins': 15},41,2,4,0.010504410602152348,41.7998107643798,41.81715182028711,15,22,45,0
2026-05-15T06:57:09.824359,clean,naive,{'bins': 15},41,3,4,0.010605069808661938,41.92995287105441,41.947364980354905,15,22,45,0
2026-05-15T06:57:51.986457,clean,naive,{'bins': 15},41,4,4,0.01036236435174942,42.084883944131434,42.10204282775521,15,22,45,0
2026-05-15T06:58:42.380650,clean,naive,{'bins': 15},42,0,4,0.010697584599256516,50.312600241042674,50.33026198018342,15,30,55,0
2026-05-15T06:59:33.029810,clean,naive,{'bins': 15},42,1,4,0.010863355360925198,50.56979145295918,50.5876935319975,15,30,55,0
2026-05-15T07:00:23.342493,clean,naive,{'bins': 15},42,2,4,0.01080518588423729,50.23474393133074,50.25258916430175,15,30,55,0
2026-05-15T07:01:14.117913,clean,naive,{'bins': 15},42,3,4,0.010816527530550957,50.696423498913646,50.714249345473945,15,30,55,0
2026-05-15T07:02:04.704973,clean,naive,{'bins': 15},42,4,4,0.010533534921705723,50.507908238098025,50.52539385575801,15,30,55,0
2026-05-15T07:02:58.942231,clean,naive,{'bins': 15},43,0,4,0.01094344537705183,54.15449422597885,54.17266687378287,15,30,55,0
2026-05-15T07:03:53.042132,clean,naive,{'bins': 15},43,1,4,0.01098039373755455,54.01899462286383,54.0371555685997,15,30,55,0
2026-05-15T07:04:47.114244,clean,naive,{'bins': 15},43,2,4,0.01104583777487278,53.99038059823215,54.008645228110254,15,30,55,0
2026-05-15T07:05:41.162291,clean,naive,{'bins': 15},43,3,4,0.011011293157935143,53.96668344270438,53.98494089022279,15,30,55,0
2026-05-15T07:06:35.336805,clean,naive,{'bins': 15},43,4,4,0.0110169043764472,54.09255451709032,54.11081990972161,15,30,55,0
2026-05-15T07:07:31.743651,clean,naive,{'bins': 15},44,0,4,0.011271181516349316,56.31586938723922,56.334561290219426,15,28,53,0
2026-05-15T07:08:28.119445,clean,naive,{'bins': 15},44,1,4,0.011273595504462719,56.28775188699365,56.30638178251684,15,28,53,0
2026-05-15T07:09:24.688306,clean,naive,{'bins': 15},44,2,4,0.011289424262940884,56.48232835531235,56.501010028645396,15,28,53,0
2026-05-15T07:10:21.083341,clean,naive,{'bins': 15},44,3,4,0.011245131492614746,56.3076248774305,56.32618705648929,15,28,53,0
2026-05-15T07:11:17.336503,clean,naive,{'bins': 15},44,4,4,0.01133631356060505,56.16625875979662,56.18497954681516,15,28,53,0
2026-05-15T07:12:13.993447,clean,naive,{'bins': 15},45,0,4,0.01121703814715147,56.56671838276088,56.58543085400015,15,18,40,0
2026-05-15T07:13:10.715851,clean,naive,{'bins': 15},45,1,4,0.011585280299186707,56.63552381284535,56.65470379125327,15,18,40,0
2026-05-15T07:14:06.949279,clean,naive,{'bins': 15},45,2,4,0.011579339392483234,56.145029607228935,56.164130417630076,15,18,40,0
2026-05-15T07:15:03.385797,clean,naive,{'bins': 15},45,3,4,0.01161950547248125,56.348735940642655,56.367892996408045,15,18,40,0
2026-05-15T07:15:59.970878,clean,naive,{'bins': 15},45,4,4,0.011577816680073738,56.49791600275785,56.51704659964889,15,18,40,0
2026-05-15T07:16:51.466182,clean,naive,{'bins': 15},46,0,4,0.011782770976424217,51.400192853063345,51.4196224315092,15,59,101,0
2026-05-15T07:17:43.246254,clean,naive,{'bins': 15},46,1,4,0.011840218678116798,51.68743048515171,51.70685070566833,15,59,101,0
2026-05-15T07:18:34.693640,clean,naive,{'bins': 15},46,2,4,0.01191356685012579,51.35289736650884,51.37244268134236,15,59,101,0
2026-05-15T07:19:26.077170,clean,naive,{'bins': 15},46,3,4,0.011697671376168728,51.289861551485956,51.30927076097578,15,59,101,0
2026-05-15T07:20:17.505447,clean,naive,{'bins': 15},46,4,4,0.0117659792304039,51.29211160726845,51.35493784956634,15,59,101,0
2026-05-15T07:21:12.847640,clean,naive,{'bins': 15},47,0,4,0.0117188123986125,55.2241651955992,55.24378006160259,15,123,185,0
2026-05-15T07:22:08.272285,clean,naive,{'bins': 15},47,1,4,0.012163075618445873,55.30732740461826,55.32741729170084,15,123,185,0
2026-05-15T07:23:03.765293,clean,naive,{'bins': 15},47,2,4,0.012106218375265598,55.377583916299045,55.39767455402762,15,123,185,0
2026-05-15T07:23:59.190306,clean,naive,{'bins': 15},47,3,4,0.012163406237959862,55.30995720718056,55.33020366821438,15,123,185,0
2026-05-15T07:24:54.943538,clean,naive,{'bins': 15},47,4,4,0.012095527723431587,55.637222674675286,55.65731997508556,15,123,185,0
2026-05-15T07:25:46.589701,clean,naive,{'bins': 15},48,0,4,0.012220453470945358,51.53213422559202,51.552420211955905,15,107,164,0
2026-05-15T07:26:38.276444,clean,naive,{'bins': 15},48,1,4,0.05542781297117472,51.52974514756352,51.593255154788494,15,107,164,0
2026-05-15T07:27:30.041392,clean,naive,{'bins': 15},48,2,4,0.012395641766488552,51.60599327366799,51.67061031796038,15,107,164,0
2026-05-15T07:28:21.877485,clean,naive,{'bins': 15},48,3,4,0.012354465201497078,51.72217068448663,51.742558531463146,15,107,164,0
2026-05-15T07:29:13.842968,clean,naive,{'bins': 15},48,4,4,0.012397525832057,51.85260129533708,51.873057540506124,15,107,164,0
2026-05-15T07:30:18.329415,clean,naive,{'bins': 15},49,0,4,0.012298399582505226,64.36554841510952,64.3860958116129,15,88,135,0
2026-05-15T07:31:22.590124,clean,naive,{'bins': 15},49,1,4,0.01268574595451355,64.09648061636835,64.16159657668322,15,88,135,0
2026-05-15T07:32:26.894218,clean,naive,{'bins': 15},49,2,4,0.012569989077746868,64.14068473596126,64.20500233955681,15,88,135,0
2026-05-15T07:33:31.069372,clean,naive,{'bins': 15},49,3,4,0.012517780996859074,64.0521297166124,64.07294677011669,15,88,135,0
2026-05-15T07:34:35.066463,clean,naive,{'bins': 15},49,4,4,0.012663204222917557,63.83467918075621,63.89936252031475,15,88,135,0
2026-05-15T07:35:28.595207,clean,naive,{'bins': 15},50,0,4,0.012687579728662968,53.41339668631554,53.434748022817075,15,71,115,0
2026-05-15T07:36:22.006791,clean,naive,{'bins': 15},50,1,4,0.012962667271494865,53.29829680547118,53.31966518331319,15,71,115,0
2026-05-15T07:37:15.901352,clean,naive,{'bins': 15},50,2,4,0.05502833239734173,53.73921954911202,53.8026405479759,15,71,115,0
2026-05-15T07:38:09.364768,clean,naive,{'bins': 15},50,3,4,0.012597902677953243,53.35141492355615,53.37234432809055,15,71,115,0
2026-05-15T07:39:02.837586,clean,naive,{'bins': 15},50,4,4,0.012914557009935379,53.360113685019314,53.38134374469519,15,71,115,0
2026-05-15T07:39:02.867359,clean,sax,"{'w': 144, 'bins': 15}",1,0,4,0.01090278010815382,0.004271379671990871,0.015434026718139648,15,32,31,0
2026-05-15T07:39:02.883661,clean,sax,"{'w': 144, 'bins': 15}",1,1,4,0.010421506129205227,0.0041190627962350845,0.014741405844688416,15,32,31,0
2026-05-15T07:39:02.900110,clean,sax,"{'w': 144, 'bins': 15}",1,2,4,0.010486569255590439,0.004231725819408894,0.014914652332663536,15,32,31,0
2026-05-15T07:39:02.915956,clean,sax,"{'w': 144, 'bins': 15}",1,3,4,0.010459407232701778,0.004189414903521538,0.014844640158116817,15,32,31,0
2026-05-15T07:39:02.974141,clean,sax,"{'w': 144, 'bins': 15}",1,4,4,0.010616983287036419,0.046296508982777596,0.057111733593046665,15,32,31,0
2026-05-15T07:39:03.014505,clean,sax,"{'w': 144, 'bins': 15}",2,0,4,0.020871635526418686,0.016643227078020573,0.037829102016985416,15,31,33,0
2026-05-15T07:39:03.053591,clean,sax,"{'w': 144, 'bins': 15}",2,1,4,0.02074678149074316,0.016545874066650867,0.03755942638963461,15,31,33,0
2026-05-15T07:39:03.092711,clean,sax,"{'w': 144, 'bins': 15}",2,2,4,0.020779993385076523,0.01659237127751112,0.03764103911817074,15,31,33,0
2026-05-15T07:39:03.132056,clean,sax,"{'w': 144, 'bins': 15}",2,3,4,0.020734257996082306,0.016629070043563843,0.037645657546818256,15,31,33,0
2026-05-15T07:39:03.170894,clean,sax,"{'w': 144, 'bins': 15}",2,4,4,0.02072408888489008,0.016486171633005142,0.03747369535267353,15,31,33,0
2026-05-15T07:39:03.236469,clean,sax,"{'w': 144, 'bins': 15}",3,0,4,0.030946078710258007,0.031527671962976456,0.06288633588701487,15,39,42,0
2026-05-15T07:39:03.300992,clean,sax,"{'w': 144, 'bins': 15}",3,1,4,0.030789856798946857,0.03148233704268932,0.06260237377136946,15,39,42,0
2026-05-15T07:39:03.365824,clean,sax,"{'w': 144, 'bins': 15}",3,2,4,0.03096114844083786,0.03155059553682804,0.06284454837441444,15,39,42,0
2026-05-15T07:39:03.430730,clean,sax,"{'w': 144, 'bins': 15}",3,3,4,0.03101468924432993,0.031502765603363514,0.06284765433520079,15,39,42,0
2026-05-15T07:39:03.495604,clean,sax,"{'w': 144, 'bins': 15}",3,4,4,0.031065283343195915,0.031456087715923786,0.06285240314900875,15,39,42,0
2026-05-15T07:39:03.584866,clean,sax,"{'w': 144, 'bins': 15}",4,0,4,0.04080489929765463,0.04520836751908064,0.08641010150313377,15,42,46,0
2026-05-15T07:39:03.674631,clean,sax,"{'w': 144, 'bins': 15}",4,1,4,0.040977343916893005,0.04621376469731331,0.08760078717023134,15,42,46,0
2026-05-15T07:39:03.764041,clean,sax,"{'w': 144, 'bins': 15}",4,2,4,0.04136922862380743,0.04538887646049261,0.08716831542551517,15,42,46,0
2026-05-15T07:39:03.853266,clean,sax,"{'w': 144, 'bins': 15}",4,3,4,0.04117747861891985,0.04548132885247469,0.0870646396651864,15,42,46,0
2026-05-15T07:39:03.942390,clean,sax,"{'w': 144, 'bins': 15}",4,4,4,0.041214438155293465,0.045374197885394096,0.08699540980160236,15,42,46,0
2026-05-15T07:39:04.066239,clean,sax,"{'w': 144, 'bins': 15}",5,0,4,0.0509718069806695,0.06904930714517832,0.12049288023263216,15,43,49,0
2026-05-15T07:39:04.189742,clean,sax,"{'w': 144, 'bins': 15}",5,1,4,0.05118521861732006,0.06908815167844296,0.1207614354789257,15,43,49,0
2026-05-15T07:39:04.313573,clean,sax,"{'w': 144, 'bins': 15}",5,2,4,0.05210455413907766,0.06874014623463154,0.1213276069611311,15,43,49,0
2026-05-15T07:39:04.437302,clean,sax,"{'w': 144, 'bins': 15}",5,3,4,0.05130938161164522,0.06924910098314285,0.12103779334574938,15,43,49,0
2026-05-15T07:39:04.562277,clean,sax,"{'w': 144, 'bins': 15}",5,4,4,0.05147772654891014,0.07031324971467257,0.12226378452032804,15,43,49,0
2026-05-15T07:39:04.730602,clean,sax,"{'w': 144, 'bins': 15}",6,0,4,0.06168301776051521,0.10219450574368238,0.16441618464887142,15,54,61,0
2026-05-15T07:39:04.897228,clean,sax,"{'w': 144, 'bins': 15}",6,1,4,0.061606804840266705,0.10134036280214787,0.16348718106746674,15,54,61,0
2026-05-15T07:39:05.064070,clean,sax,"{'w': 144, 'bins': 15}",6,2,4,0.061915784142911434,0.10120370611548424,0.16366527415812016,15,54,61,0
2026-05-15T07:39:05.231136,clean,sax,"{'w': 144, 'bins': 15}",6,3,4,0.06179033871740103,0.10155387129634619,0.16389803029596806,15,54,61,0
2026-05-15T07:39:05.398396,clean,sax,"{'w': 144, 'bins': 15}",6,4,4,0.06152600236237049,0.10162272211164236,0.16370263416320086,15,54,61,0
2026-05-15T07:39:05.602106,clean,sax,"{'w': 144, 'bins': 15}",7,0,4,0.07199648022651672,0.12705763522535563,0.19965776894241571,15,49,59,0
2026-05-15T07:39:05.804457,clean,sax,"{'w': 144, 'bins': 15}",7,1,4,0.07181651145219803,0.126307456754148,0.19874393288046122,15,49,59,0
2026-05-15T07:39:06.007137,clean,sax,"{'w': 144, 'bins': 15}",7,2,4,0.0719547513872385,0.1265417756512761,0.19911142252385616,15,49,59,0
2026-05-15T07:39:06.208535,clean,sax,"{'w': 144, 'bins': 15}",7,3,4,0.07114988192915916,0.12607608176767826,0.19784299191087484,15,49,59,0
2026-05-15T07:39:06.412150,clean,sax,"{'w': 144, 'bins': 15}",7,4,4,0.0715399133041501,0.12746147345751524,0.19962495751678944,15,49,59,0
2026-05-15T07:39:06.631631,clean,sax,"{'w': 144, 'bins': 15}",8,0,4,0.08136660233139992,0.13254928588867188,0.21459496300667524,15,48,58,0
2026-05-15T07:39:06.851059,clean,sax,"{'w': 144, 'bins': 15}",8,1,4,0.08143953885883093,0.1326142381876707,0.21473684906959534,15,48,58,0
2026-05-15T07:39:07.070973,clean,sax,"{'w': 144, 'bins': 15}",8,2,4,0.08213617652654648,0.13292073272168636,0.21574878878891468,15,48,58,0
2026-05-15T07:39:07.290421,clean,sax,"{'w': 144, 'bins': 15}",8,3,4,0.08206249959766865,0.13274951186031103,0.21549625601619482,15,48,58,0
2026-05-15T07:39:07.509900,clean,sax,"{'w': 144, 'bins': 15}",8,4,4,0.08127088285982609,0.13334360718727112,0.21529854461550713,15,48,58,0
2026-05-15T07:39:07.833358,clean,sax,"{'w': 144, 'bins': 15}",9,0,4,0.09183613862842321,0.2260557096451521,0.3186621041968465,15,49,62,0
2026-05-15T07:39:08.155005,clean,sax,"{'w': 144, 'bins': 15}",9,1,4,0.09182467684149742,0.22441659308969975,0.3170109950006008,15,49,62,0
2026-05-15T07:39:08.478272,clean,sax,"{'w': 144, 'bins': 15}",9,2,4,0.09268263727426529,0.22535404190421104,0.3187967976555228,15,49,62,0
2026-05-15T07:39:08.799534,clean,sax,"{'w': 144, 'bins': 15}",9,3,4,0.09155273623764515,0.2245799284428358,0.3169086817651987,15,49,62,0
2026-05-15T07:39:09.120307,clean,sax,"{'w': 144, 'bins': 15}",9,4,4,0.09210090432316065,0.22359902691096067,0.3164614215493202,15,49,62,0
2026-05-15T07:39:09.481253,clean,sax,"{'w': 144, 'bins': 15}",10,0,4,0.10201523918658495,0.2524706535041332,0.3553287945687771,15,58,72,0
2026-05-15T07:39:09.840526,clean,sax,"{'w': 144, 'bins': 15}",10,1,4,0.1024063415825367,0.2507820324972272,0.3540311772376299,15,58,72,0
2026-05-15T07:39:10.199820,clean,sax,"{'w': 144, 'bins': 15}",10,2,4,0.10250401683151722,0.2509651854634285,0.35430441051721573,15,58,72,0
2026-05-15T07:39:10.560431,clean,sax,"{'w': 144, 'bins': 15}",10,3,4,0.10194217227399349,0.252704962156713,0.3554830839857459,15,58,72,0
2026-05-15T07:39:10.921091,clean,sax,"{'w': 144, 'bins': 15}",10,4,4,0.10281478147953749,0.2515764134004712,0.35523062013089657,15,58,72,0
2026-05-15T07:39:11.373743,clean,sax,"{'w': 144, 'bins': 15}",11,0,4,0.11261701304465532,0.3323501329869032,0.44589274376630783,15,66,82,0
2026-05-15T07:39:11.828438,clean,sax,"{'w': 144, 'bins': 15}",11,1,4,0.11399569176137447,0.3338793544098735,0.4487985400483012,15,66,82,0
2026-05-15T07:39:12.281546,clean,sax,"{'w': 144, 'bins': 15}",11,2,4,0.11224213987588882,0.33419336285442114,0.4473523451015353,15,66,82,0
2026-05-15T07:39:12.733734,clean,sax,"{'w': 144, 'bins': 15}",11,3,4,0.11212376691401005,0.33316459227353334,0.4462208794429898,15,66,82,0
2026-05-15T07:39:13.185309,clean,sax,"{'w': 144, 'bins': 15}",11,4,4,0.11177585460245609,0.3333011884242296,0.4460083208978176,15,66,82,0
2026-05-15T07:39:13.702416,clean,sax,"{'w': 144, 'bins': 15}",12,0,4,0.12304353807121515,0.3863818356767297,0.5104126278311014,15,59,75,0
2026-05-15T07:39:14.218835,clean,sax,"{'w': 144, 'bins': 15}",12,1,4,0.12239135522395372,0.3873225413262844,0.5107019515708089,15,59,75,0
2026-05-15T07:39:14.737460,clean,sax,"{'w': 144, 'bins': 15}",12,2,4,0.12371974810957909,0.3880567802116275,0.5127849010750651,15,59,75,0
2026-05-15T07:39:15.250550,clean,sax,"{'w': 144, 'bins': 15}",12,3,4,0.12199243530631065,0.3842010209336877,0.5071725342422724,15,59,75,0
2026-05-15T07:39:15.767862,clean,sax,"{'w': 144, 'bins': 15}",12,4,4,0.12248280644416809,0.3882639277726412,0.5117454398423433,15,59,75,0
2026-05-15T07:39:16.353320,clean,sax,"{'w': 144, 'bins': 15}",13,0,4,0.13292378932237625,0.4437847463414073,0.5777763202786446,15,73,87,0
2026-05-15T07:39:16.985662,clean,sax,"{'w': 144, 'bins': 15}",13,1,4,0.13199302181601524,0.49277174659073353,0.6258187480270863,15,73,87,0
2026-05-15T07:39:17.573207,clean,sax,"{'w': 144, 'bins': 15}",13,2,4,0.13164663221687078,0.44774643518030643,0.5804815106093884,15,73,87,0
2026-05-15T07:39:18.157491,clean,sax,"{'w': 144, 'bins': 15}",13,3,4,0.13193935994058847,0.4444712055847049,0.5774743724614382,15,73,87,0
2026-05-15T07:39:18.745879,clean,sax,"{'w': 144, 'bins': 15}",13,4,4,0.1327161779627204,0.44800804555416107,0.5817373869940639,15,73,87,0
2026-05-15T07:39:19.375207,clean,sax,"{'w': 144, 'bins': 15}",14,0,4,0.1430482566356659,0.4772577406838536,0.6216142540797591,15,74,89,0
2026-05-15T07:39:20.006905,clean,sax,"{'w': 144, 'bins': 15}",14,1,4,0.14634430408477783,0.4768869951367378,0.6244686022400856,15,74,89,0
2026-05-15T07:39:20.635176,clean,sax,"{'w': 144, 'bins': 15}",14,2,4,0.14352233707904816,0.47659794241189957,0.6212173392996192,15,74,89,0
2026-05-15T07:39:21.263302,clean,sax,"{'w': 144, 'bins': 15}",14,3,4,0.14379258546978235,0.475839507766068,0.6207484994083643,15,74,89,0
2026-05-15T07:39:21.891029,clean,sax,"{'w': 144, 'bins': 15}",14,4,4,0.1429496007040143,0.4762892732396722,0.6203337600454688,15,74,89,0
2026-05-15T07:39:22.744497,clean,sax,"{'w': 144, 'bins': 15}",15,0,4,0.154576170258224,0.6890358850359917,0.8450489733368158,15,69,88,0
2026-05-15T07:39:23.594567,clean,sax,"{'w': 144, 'bins': 15}",15,1,4,0.15300361812114716,0.6884861821308732,0.8427100712433457,15,69,88,0
2026-05-15T07:39:24.452382,clean,sax,"{'w': 144, 'bins': 15}",15,2,4,0.15387175790965557,0.6948461029678583,0.8499363893643022,15,69,88,0
2026-05-15T07:39:25.299746,clean,sax,"{'w': 144, 'bins': 15}",15,3,4,0.15261472668498755,0.685887984931469,0.8397208694368601,15,69,88,0
2026-05-15T07:39:26.155354,clean,sax,"{'w': 144, 'bins': 15}",15,4,4,0.15274507272988558,0.694004182703793,0.8479628041386604,15,69,88,0
2026-05-15T07:39:27.065682,clean,sax,"{'w': 144, 'bins': 15}",16,0,4,0.16400262713432312,0.7365827327594161,0.901854763738811,15,69,88,0
2026-05-15T07:39:27.918119,clean,sax,"{'w': 144, 'bins': 15}",16,1,4,0.16421077866107225,0.6789338393136859,0.8444481147453189,15,69,88,0
2026-05-15T07:39:28.769260,clean,sax,"{'w': 144, 'bins': 15}",16,2,4,0.1636365195736289,0.678031905554235,0.8429419165477157,15,69,88,0
2026-05-15T07:39:29.622311,clean,sax,"{'w': 144, 'bins': 15}",16,3,4,0.1631708461791277,0.6808101031929255,0.8452044557780027,15,69,88,0
2026-05-15T07:39:30.474737,clean,sax,"{'w': 144, 'bins': 15}",16,4,4,0.1649398384615779,0.678212184458971,0.8443981213495135,15,69,88,0
2026-05-15T07:39:31.349801,clean,sax,"{'w': 144, 'bins': 15}",17,0,4,0.17331731598824263,0.6915330924093723,0.8661742340773344,15,69,88,0
2026-05-15T07:39:32.222440,clean,sax,"{'w': 144, 'bins': 15}",17,1,4,0.17340748477727175,0.6897254399955273,0.8644526526331902,15,69,88,0
2026-05-15T07:39:33.099537,clean,sax,"{'w': 144, 'bins': 15}",17,2,4,0.17403570469468832,0.6932526212185621,0.8686397131532431,15,69,88,0
2026-05-15T07:39:33.974587,clean,sax,"{'w': 144, 'bins': 15}",17,3,4,0.17336408328264952,0.6915562069043517,0.8662523310631514,15,69,88,0
2026-05-15T07:39:34.851715,clean,sax,"{'w': 144, 'bins': 15}",17,4,4,0.17208504118025303,0.6952495919540524,0.8686708929017186,15,69,88,0
2026-05-15T07:39:35.816391,clean,sax,"{'w': 144, 'bins': 15}",18,0,4,0.1821150742471218,0.7719767037779093,0.9555068835616112,15,63,83,0
2026-05-15T07:39:36.737344,clean,sax,"{'w': 144, 'bins': 15}",18,1,4,0.18390689697116613,0.7265767669305205,0.9119034707546234,15,63,83,0
2026-05-15T07:39:37.656259,clean,sax,"{'w': 144, 'bins': 15}",18,2,4,0.18260958138853312,0.7259168280288577,0.9099178919568658,15,63,83,0
2026-05-15T07:39:38.581541,clean,sax,"{'w': 144, 'bins': 15}",18,3,4,0.18391531333327293,0.7309334259480238,0.9162322571501136,15,63,83,0
2026-05-15T07:39:39.505552,clean,sax,"{'w': 144, 'bins': 15}",18,4,4,0.1837509237229824,0.728247994557023,0.9133852617815137,15,63,83,0
2026-05-15T07:39:40.564738,clean,sax,"{'w': 144, 'bins': 15}",19,0,4,0.1937612583860755,0.85332559235394,1.0487115709111094,15,58,79,0
2026-05-15T07:39:41.625345,clean,sax,"{'w': 144, 'bins': 15}",19,1,4,0.1938799610361457,0.8562102476134896,1.0516908252611756,15,58,79,0
2026-05-15T07:39:42.723325,clean,sax,"{'w': 144, 'bins': 15}",19,2,4,0.19447367638349533,0.8929755529388785,1.0890631694346666,15,58,79,0
2026-05-15T07:39:43.784192,clean,sax,"{'w': 144, 'bins': 15}",19,3,4,0.19209298584610224,0.8579123942181468,1.0516220750287175,15,58,79,0
2026-05-15T07:39:44.840614,clean,sax,"{'w': 144, 'bins': 15}",19,4,4,0.1933321114629507,0.8527003778144717,1.0476322434842587,15,58,79,0
2026-05-15T07:39:45.946747,clean,sax,"{'w': 144, 'bins': 15}",20,0,4,0.20253853872418404,0.8916343059390783,1.0957867242395878,15,70,91,0
2026-05-15T07:39:47.059259,clean,sax,"{'w': 144, 'bins': 15}",20,1,4,0.20464048441499472,0.896141386590898,1.1024473076686263,15,70,91,0
2026-05-15T07:39:48.170455,clean,sax,"{'w': 144, 'bins': 15}",20,2,4,0.20451712235808372,0.8951862948015332,1.1013419227674603,15,70,91,0
2026-05-15T07:39:49.276680,clean,sax,"{'w': 144, 'bins': 15}",20,3,4,0.20344777591526508,0.8911105217412114,1.0962230721488595,15,70,91,0
2026-05-15T07:39:50.427125,clean,sax,"{'w': 144, 'bins': 15}",20,4,4,0.20377257373183966,0.9351127156987786,1.1405624682083726,15,70,91,0
2026-05-15T07:39:51.551797,clean,sax,"{'w': 144, 'bins': 15}",21,0,4,0.21400051657110453,0.8989087622612715,1.1146635431796312,15,49,67,0
2026-05-15T07:39:52.673889,clean,sax,"{'w': 144, 'bins': 15}",21,1,4,0.21625050157308578,0.8944294443354011,1.1124100936576724,15,49,67,0
2026-05-15T07:39:53.797187,clean,sax,"{'w': 144, 'bins': 15}",21,2,4,0.21431465540081263,0.8973717680200934,1.1134498352184892,15,49,67,0
2026-05-15T07:39:54.920459,clean,sax,"{'w': 144, 'bins': 15}",21,3,4,0.214244213886559,0.8981373850256205,1.1141196424141526,15,49,67,0
2026-05-15T07:39:56.041594,clean,sax,"{'w': 144, 'bins': 15}",21,4,4,0.21496960520744324,0.8948640497401357,1.1115604871883988,15,49,67,0
2026-05-15T07:39:57.396650,clean,sax,"{'w': 144, 'bins': 15}",22,0,4,0.2237041350454092,1.1174610359594226,1.342974497936666,15,82,105,0
2026-05-15T07:39:58.789507,clean,sax,"{'w': 144, 'bins': 15}",22,1,4,0.22310808580368757,1.1567268650978804,1.3816344495862722,15,82,105,0
2026-05-15T07:40:00.139980,clean,sax,"{'w': 144, 'bins': 15}",22,2,4,0.2248759949579835,1.1124577214941382,1.3391600055620074,15,82,105,0
2026-05-15T07:40:01.490101,clean,sax,"{'w': 144, 'bins': 15}",22,3,4,0.22289506532251835,1.1140581974759698,1.33876059576869,15,82,105,0
2026-05-15T07:40:02.840332,clean,sax,"{'w': 144, 'bins': 15}",22,4,4,0.2234828593209386,1.113467037677765,1.338736361823976,15,82,105,0
2026-05-15T07:40:04.165869,clean,sax,"{'w': 144, 'bins': 15}",23,0,4,0.23438773304224014,1.0772261768579483,1.3135204492136836,15,52,71,0
2026-05-15T07:40:05.494945,clean,sax,"{'w': 144, 'bins': 15}",23,1,4,0.2342823464423418,1.0823283763602376,1.3184794103726745,15,52,71,0
2026-05-15T07:40:06.817517,clean,sax,"{'w': 144, 'bins': 15}",23,2,4,0.23346484079957008,1.076588399708271,1.3119575958698988,15,52,71,0
2026-05-15T07:40:08.178368,clean,sax,"{'w': 144, 'bins': 15}",23,3,4,0.2334462460130453,1.1152259493246675,1.3505924809724092,15,52,71,0
2026-05-15T07:40:09.499944,clean,sax,"{'w': 144, 'bins': 15}",23,4,4,0.23329092375934124,1.0758407255634665,1.3110430277884007,15,52,71,0
2026-05-15T07:40:10.861977,clean,sax,"{'w': 144, 'bins': 15}",24,0,4,0.2446510223671794,1.103584824129939,1.3501850962638855,15,52,71,0
2026-05-15T07:40:12.240317,clean,sax,"{'w': 144, 'bins': 15}",24,1,4,0.24494144693017006,1.1051481496542692,1.3521379120647907,15,52,71,0
2026-05-15T07:40:13.603135,clean,sax,"{'w': 144, 'bins': 15}",24,2,4,0.24507488775998354,1.105111239477992,1.3521999083459377,15,52,71,0
2026-05-15T07:40:14.973650,clean,sax,"{'w': 144, 'bins': 15}",24,3,4,0.24563319608569145,1.1120956325903535,1.3596898606047034,15,52,71,0
2026-05-15T07:40:16.380631,clean,sax,"{'w': 144, 'bins': 15}",24,4,4,0.24602826684713364,1.148633761331439,1.3966395016759634,15,52,71,0
2026-05-15T07:40:17.849979,clean,sax,"{'w': 144, 'bins': 15}",25,0,4,0.2549235476180911,1.1979671129956841,1.45502701215446,15,83,110,0
2026-05-15T07:40:19.318562,clean,sax,"{'w': 144, 'bins': 15}",25,1,4,0.2556856498122215,1.1978164995089173,1.4555129949003458,15,83,110,0
2026-05-15T07:40:20.786362,clean,sax,"{'w': 144, 'bins': 15}",25,2,4,0.2578259566798806,1.194789046421647,1.4548505702987313,15,83,110,0
2026-05-15T07:40:22.251694,clean,sax,"{'w': 144, 'bins': 15}",25,3,4,0.2553292401134968,1.1946086073294282,1.4519867049530149,15,83,110,0
2026-05-15T07:40:23.718046,clean,sax,"{'w': 144, 'bins': 15}",25,4,4,0.25463071931153536,1.1965184025466442,1.4532955316826701,15,83,110,0
2026-05-15T07:40:25.197612,clean,sax,"{'w': 144, 'bins': 15}",26,0,4,0.26745986472815275,1.1958155138418078,1.4654283598065376,15,84,110,0
2026-05-15T07:40:26.617561,clean,sax,"{'w': 144, 'bins': 15}",26,1,4,0.2662367084994912,1.1373867560178041,1.4059131732210517,15,84,110,0
2026-05-15T07:40:28.035951,clean,sax,"{'w': 144, 'bins': 15}",26,2,4,0.26345586869865656,1.1393276499584317,1.4049084885045886,15,84,110,0
2026-05-15T07:40:29.452841,clean,sax,"{'w': 144, 'bins': 15}",26,3,4,0.2634284757077694,1.1379872746765614,1.4035475123673677,15,84,110,0
2026-05-15T07:40:30.868699,clean,sax,"{'w': 144, 'bins': 15}",26,4,4,0.26470248866826296,1.1353895161300898,1.4023316698148847,15,84,110,0
2026-05-15T07:40:32.238965,clean,sax,"{'w': 144, 'bins': 15}",27,0,4,0.27365142945200205,1.0803884332999587,1.3562396727502346,15,77,101,0
2026-05-15T07:40:33.645755,clean,sax,"{'w': 144, 'bins': 15}",27,1,4,0.2743342509493232,1.1170301781967282,1.3936569830402732,15,77,101,0
2026-05-15T07:40:35.024573,clean,sax,"{'w': 144, 'bins': 15}",27,2,4,0.27524544205516577,1.0879059275612235,1.3653896823525429,15,77,101,0
2026-05-15T07:40:36.396639,clean,sax,"{'w': 144, 'bins': 15}",27,3,4,0.27753341756761074,1.0792178576812148,1.3589136945083737,15,77,101,0
2026-05-15T07:40:37.764521,clean,sax,"{'w': 144, 'bins': 15}",27,4,4,0.27580935042351484,1.076280432753265,1.354310312308371,15,77,101,0
2026-05-15T07:40:39.202220,clean,sax,"{'w': 144, 'bins': 15}",28,0,4,0.2877234984189272,1.1340436795726418,1.424016441218555,15,65,87,0
2026-05-15T07:40:40.681023,clean,sax,"{'w': 144, 'bins': 15}",28,1,4,0.28728700894862413,1.1759333265945315,1.4654519855976105,15,65,87,0
2026-05-15T07:40:42.110245,clean,sax,"{'w': 144, 'bins': 15}",28,2,4,0.2864002650603652,1.127448027022183,1.4161559045314789,15,65,87,0
2026-05-15T07:40:43.543801,clean,sax,"{'w': 144, 'bins': 15}",28,3,4,0.28498085029423237,1.1332597890868783,1.4204709762707353,15,65,87,0
2026-05-15T07:40:44.978601,clean,sax,"{'w': 144, 'bins': 15}",28,4,4,0.2868494978174567,1.132776732556522,1.4218455469235778,15,65,87,0
2026-05-15T07:40:46.438548,clean,sax,"{'w': 144, 'bins': 15}",29,0,4,0.295099226757884,1.1479143919423223,1.445456525310874,15,66,89,0
2026-05-15T07:40:47.947870,clean,sax,"{'w': 144, 'bins': 15}",29,1,4,0.2953994804993272,1.1978510161861777,1.4955999767407775,15,66,89,0
2026-05-15T07:40:49.417603,clean,sax,"{'w': 144, 'bins': 15}",29,2,4,0.294352694414556,1.1590741146355867,1.4558214750140905,15,66,89,0
2026-05-15T07:40:50.876884,clean,sax,"{'w': 144, 'bins': 15}",29,3,4,0.29634937457740307,1.1471787206828594,1.4458598122000694,15,66,89,0
2026-05-15T07:40:52.352849,clean,sax,"{'w': 144, 'bins': 15}",29,4,4,0.29621866811066866,1.1634572437033057,1.461998743005097,15,66,89,0
2026-05-15T07:40:53.932081,clean,sax,"{'w': 144, 'bins': 15}",30,0,4,0.3056648736819625,1.2556576142087579,1.5638562152162194,15,71,96,0
2026-05-15T07:40:55.551163,clean,sax,"{'w': 144, 'bins': 15}",30,1,4,0.30644550919532776,1.2958031669259071,1.6047121612355113,15,71,96,0
2026-05-15T07:40:57.135815,clean,sax,"{'w': 144, 'bins': 15}",30,2,4,0.304833160713315,1.2626587096601725,1.569964793510735,15,71,96,0
2026-05-15T07:40:58.707532,clean,sax,"{'w': 144, 'bins': 15}",30,3,4,0.3051234567537904,1.2496718363836408,1.5572043769061565,15,71,96,0
2026-05-15T07:41:00.287616,clean,sax,"{'w': 144, 'bins': 15}",30,4,4,0.3055524816736579,1.2576468102633953,1.5655949898064137,15,71,96,0
2026-05-15T07:41:01.974146,clean,sax,"{'w': 144, 'bins': 15}",31,0,4,0.31635041534900665,1.3516412507742643,1.6705249520018697,15,77,104,0
2026-05-15T07:41:03.615977,clean,sax,"{'w': 144, 'bins': 15}",31,1,4,0.31614726409316063,1.3076979191973805,1.6263739606365561,15,77,104,0
2026-05-15T07:41:05.274858,clean,sax,"{'w': 144, 'bins': 15}",31,2,4,0.31623143050819635,1.3247099881991744,1.6434450298547745,15,77,104,0
2026-05-15T07:41:06.919767,clean,sax,"{'w': 144, 'bins': 15}",31,3,4,0.3141181441023946,1.313070697709918,1.6296757301315665,15,77,104,0
2026-05-15T07:41:08.604152,clean,sax,"{'w': 144, 'bins': 15}",31,4,4,0.31167163141071796,1.3551005367189646,1.6693256506696343,15,77,104,0
2026-05-15T07:41:10.569805,clean,sax,"{'w': 144, 'bins': 15}",32,0,4,0.3248523771762848,1.6199017195031047,1.9473083522170782,15,88,116,0
2026-05-15T07:41:12.541799,clean,sax,"{'w': 144, 'bins': 15}",32,1,4,0.32366892509162426,1.6276283152401447,1.953838311135769,15,88,116,0
2026-05-15T07:41:14.515372,clean,sax,"{'w': 144, 'bins': 15}",32,2,4,0.3273444455116987,1.6263676080852747,1.9562526438385248,15,88,116,0
2026-05-15T07:41:16.532683,clean,sax,"{'w': 144, 'bins': 15}",32,3,4,0.32814563997089863,1.6691399412229657,1.9999881656840444,15,88,116,0
2026-05-15T07:41:18.510707,clean,sax,"{'w': 144, 'bins': 15}",32,4,4,0.33001585211604834,1.6274070097133517,1.960025116801262,15,88,116,0
2026-05-15T07:41:20.511020,clean,sax,"{'w': 144, 'bins': 15}",33,0,4,0.3335846709087491,1.6454965621232986,1.9817102793604136,15,88,117,0
2026-05-15T07:41:22.529919,clean,sax,"{'w': 144, 'bins': 15}",33,1,4,0.3393019251525402,1.6586603671312332,2.000714709982276,15,88,117,0
2026-05-15T07:41:24.583700,clean,sax,"{'w': 144, 'bins': 15}",33,2,4,0.338152376934886,1.6945941224694252,2.035515167750418,15,88,117,0
2026-05-15T07:41:26.586838,clean,sax,"{'w': 144, 'bins': 15}",33,3,4,0.33836799301207066,1.644290498457849,1.9852962531149387,15,88,117,0
2026-05-15T07:41:28.584817,clean,sax,"{'w': 144, 'bins': 15}",33,4,4,0.33588083274662495,1.6418063640594482,1.9803229356184602,15,88,117,0
2026-05-15T07:41:30.600956,clean,sax,"{'w': 144, 'bins': 15}",34,0,4,0.3490475732833147,1.6468357369303703,1.9986052801832557,15,77,106,0
2026-05-15T07:41:32.666069,clean,sax,"{'w': 144, 'bins': 15}",34,1,4,0.3476979685947299,1.6971747763454914,2.0477659665048122,15,77,106,0
2026-05-15T07:41:34.679471,clean,sax,"{'w': 144, 'bins': 15}",34,2,4,0.3460812624543905,1.647070006467402,1.9960420075803995,15,77,106,0
2026-05-15T07:41:36.701961,clean,sax,"{'w': 144, 'bins': 15}",34,3,4,0.3445675913244486,1.658139138482511,2.005435012280941,15,77,106,0
2026-05-15T07:41:38.716924,clean,sax,"{'w': 144, 'bins': 15}",34,4,4,0.3451805831864476,1.6502365618944168,1.9981145486235619,15,77,106,0
2026-05-15T07:41:40.514110,clean,sax,"{'w': 144, 'bins': 15}",35,0,4,0.357630024664104,1.4180297031998634,1.7785839783027768,15,64,89,0
2026-05-15T07:41:42.249366,clean,sax,"{'w': 144, 'bins': 15}",35,1,4,0.3553561866283417,1.360782913863659,1.7190673686563969,15,64,89,0
2026-05-15T07:41:44.000202,clean,sax,"{'w': 144, 'bins': 15}",35,2,4,0.35969130508601665,1.3720497377216816,1.7346636494621634,15,64,89,0
2026-05-15T07:41:45.742019,clean,sax,"{'w': 144, 'bins': 15}",35,3,4,0.35802074894309044,1.3644188111647964,1.7253826651722193,15,64,89,0
2026-05-15T07:41:47.533849,clean,sax,"{'w': 144, 'bins': 15}",35,4,4,0.3576980223879218,1.4144494216889143,1.7751183127984405,15,64,89,0
2026-05-15T07:41:50.044893,clean,sax,"{'w': 144, 'bins': 15}",36,0,4,0.3679927121847868,2.122985228896141,2.4940341291949153,15,56,79,0
2026-05-15T07:41:52.566247,clean,sax,"{'w': 144, 'bins': 15}",36,1,4,0.36850752867758274,2.1335601042956114,2.505041966214776,15,56,79,0
2026-05-15T07:41:55.104688,clean,sax,"{'w': 144, 'bins': 15}",36,2,4,0.3659347491338849,2.1534009547904134,2.522281072102487,15,56,79,0
2026-05-15T07:41:57.621830,clean,sax,"{'w': 144, 'bins': 15}",36,3,4,0.3665926018729806,2.1314058788120747,2.5009125219658017,15,56,79,0
2026-05-15T07:42:00.137876,clean,sax,"{'w': 144, 'bins': 15}",36,4,4,0.3675381578505039,2.1294459402561188,2.499829851090908,15,56,79,0
2026-05-15T07:42:02.542103,clean,sax,"{'w': 144, 'bins': 15}",37,0,4,0.3816094873473048,2.0018182238563895,2.386375043541193,15,66,92,0
2026-05-15T07:42:04.901928,clean,sax,"{'w': 144, 'bins': 15}",37,1,4,0.37580802384763956,1.9636389436200261,2.342356199398637,15,66,92,0
2026-05-15T07:42:07.264349,clean,sax,"{'w': 144, 'bins': 15}",37,2,4,0.3803847171366215,1.96157933678478,2.3449236201122403,15,66,92,0
2026-05-15T07:42:09.634052,clean,sax,"{'w': 144, 'bins': 15}",37,3,4,0.3770872261375189,1.9724032673984766,2.3524338705465198,15,66,92,0
2026-05-15T07:42:12.055201,clean,sax,"{'w': 144, 'bins': 15}",37,4,4,0.3785701207816601,2.022551800124347,2.404039458371699,15,66,92,0
2026-05-15T07:42:14.549905,clean,sax,"{'w': 144, 'bins': 15}",38,0,4,0.3889162139967084,2.0822603907436132,2.474330075085163,15,85,114,0
2026-05-15T07:42:17.057699,clean,sax,"{'w': 144, 'bins': 15}",38,1,4,0.38692680932581425,2.098574249073863,2.488574419170618,15,85,114,0
2026-05-15T07:42:19.603394,clean,sax,"{'w': 144, 'bins': 15}",38,2,4,0.388261946849525,2.135332581587136,2.526628203690052,15,85,114,0
2026-05-15T07:42:22.107985,clean,sax,"{'w': 144, 'bins': 15}",38,3,4,0.39355584513396025,2.0883679185062647,2.485021198168397,15,85,114,0
2026-05-15T07:42:24.621098,clean,sax,"{'w': 144, 'bins': 15}",38,4,4,0.39118204917758703,2.0990253863856196,2.4933348577469587,15,85,114,0
2026-05-15T07:42:27.220347,clean,sax,"{'w': 144, 'bins': 15}",39,0,4,0.3968530958518386,2.1783415200188756,2.578460837714374,15,82,112,0
2026-05-15T07:42:29.757656,clean,sax,"{'w': 144, 'bins': 15}",39,1,4,0.3987240884453058,2.1157125867903233,2.517560239881277,15,82,112,0
2026-05-15T07:42:32.282586,clean,sax,"{'w': 144, 'bins': 15}",39,2,4,0.3982338784262538,2.1037356397137046,2.505074738524854,15,82,112,0
2026-05-15T07:42:34.857765,clean,sax,"{'w': 144, 'bins': 15}",39,3,4,0.39801670983433723,2.153779424726963,2.555046168155968,15,82,112,0
2026-05-15T07:42:37.385650,clean,sax,"{'w': 144, 'bins': 15}",39,4,4,0.3989621764048934,2.106018646620214,2.5081955986097455,15,82,112,0
2026-05-15T07:42:39.956314,clean,sax,"{'w': 144, 'bins': 15}",40,0,4,0.4067855030298233,2.139779862947762,2.549741519615054,15,81,111,0
2026-05-15T07:42:42.558967,clean,sax,"{'w': 144, 'bins': 15}",40,1,4,0.4103545341640711,2.1666723117232323,2.580204271711409,15,81,111,0
2026-05-15T07:42:45.114904,clean,sax,"{'w': 144, 'bins': 15}",40,2,4,0.40534554049372673,2.127467967569828,2.5359822269529104,15,81,111,0
2026-05-15T07:42:47.662247,clean,sax,"{'w': 144, 'bins': 15}",40,3,4,0.4075648868456483,2.116366174072027,2.5271763540804386,15,81,111,0
2026-05-15T07:42:50.259317,clean,sax,"{'w': 144, 'bins': 15}",40,4,4,0.4105895748361945,2.1627908051013947,2.576654917560518,15,81,111,0
2026-05-15T07:42:52.885868,clean,sax,"{'w': 144, 'bins': 15}",41,0,4,0.41972298361361027,2.1817550603300333,2.604836108162999,15,77,105,0
2026-05-15T07:42:55.530750,clean,sax,"{'w': 144, 'bins': 15}",41,1,4,0.4230956668034196,2.1978236762806773,2.624293277040124,15,77,105,0
2026-05-15T07:42:58.212983,clean,sax,"{'w': 144, 'bins': 15}",41,2,4,0.4178975559771061,2.240807358175516,2.662125665694475,15,77,105,0
2026-05-15T07:43:00.824030,clean,sax,"{'w': 144, 'bins': 15}",41,3,4,0.4174936367198825,2.1698930393904448,2.5908313933759928,15,77,105,0
2026-05-15T07:43:03.452235,clean,sax,"{'w': 144, 'bins': 15}",41,4,4,0.41704229079186916,2.187138255685568,2.6075538294389844,15,77,105,0
2026-05-15T07:43:06.258397,clean,sax,"{'w': 144, 'bins': 15}",42,0,4,0.42947686556726694,2.351798159070313,2.784593775868416,15,79,107,0
2026-05-15T07:43:09.020514,clean,sax,"{'w': 144, 'bins': 15}",42,1,4,0.42690717056393623,2.3104026904329658,2.740608574822545,15,79,107,0
2026-05-15T07:43:11.779750,clean,sax,"{'w': 144, 'bins': 15}",42,2,4,0.4282348044216633,2.3064341004937887,2.7379888873547316,15,79,107,0
2026-05-15T07:43:14.586842,clean,sax,"{'w': 144, 'bins': 15}",42,3,4,0.4280341984704137,2.354619457386434,2.78601498529315,15,79,107,0
2026-05-15T07:43:17.342769,clean,sax,"{'w': 144, 'bins': 15}",42,4,4,0.4256451213732362,2.305610013194382,2.73472592048347,15,79,107,0
2026-05-15T07:43:20.109356,clean,sax,"{'w': 144, 'bins': 15}",43,0,4,0.43762236926704645,2.3037273082882166,2.7449264833703637,15,79,109,0
2026-05-15T07:43:22.927752,clean,sax,"{'w': 144, 'bins': 15}",43,1,4,0.443854839541018,2.3497904799878597,2.797256068326533,15,79,109,0
2026-05-15T07:43:25.696997,clean,sax,"{'w': 144, 'bins': 15}",43,2,4,0.4359479257836938,2.3084027860313654,2.7477395348250866,15,79,109,0
2026-05-15T07:43:28.487333,clean,sax,"{'w': 144, 'bins': 15}",43,3,4,0.4378756256774068,2.3279417203739285,2.7692149644717574,15,79,109,0
2026-05-15T07:43:31.250854,clean,sax,"{'w': 144, 'bins': 15}",43,4,4,0.43635400757193565,2.3020576536655426,2.7418082989752293,15,79,109,0
2026-05-15T07:43:34.041227,clean,sax,"{'w': 144, 'bins': 15}",44,0,4,0.4528590254485607,2.3116384027525783,2.7680484745651484,15,81,111,0
2026-05-15T07:43:36.869017,clean,sax,"{'w': 144, 'bins': 15}",44,1,4,0.44673412572592497,2.356169978156686,2.806486359797418,15,81,111,0
2026-05-15T07:43:39.667666,clean,sax,"{'w': 144, 'bins': 15}",44,2,4,0.45438249595463276,2.3188850870355964,2.776866870932281,15,81,111,0
2026-05-15T07:43:42.509772,clean,sax,"{'w': 144, 'bins': 15}",44,3,4,0.44749466329813004,2.3697332832962275,2.820670770481229,15,81,111,0
2026-05-15T07:43:45.306305,clean,sax,"{'w': 144, 'bins': 15}",44,4,4,0.4516876460984349,2.3176271757110953,2.772745211608708,15,81,111,0
2026-05-15T07:43:47.940079,clean,sax,"{'w': 144, 'bins': 15}",45,0,4,0.4599880799651146,2.147397846914828,2.6109652472659945,15,76,103,0
2026-05-15T07:43:50.621436,clean,sax,"{'w': 144, 'bins': 15}",45,1,4,0.45910132490098476,2.1969773210585117,2.6597604285925627,15,76,103,0
2026-05-15T07:43:53.263898,clean,sax,"{'w': 144, 'bins': 15}",45,2,4,0.45985511131584644,2.1567815942689776,2.620436198078096,15,76,103,0
2026-05-15T07:43:55.898738,clean,sax,"{'w': 144, 'bins': 15}",45,3,4,0.45907206926494837,2.1502384804189205,2.612878859974444,15,76,103,0
2026-05-15T07:43:58.582702,clean,sax,"{'w': 144, 'bins': 15}",45,4,4,0.46183337457478046,2.1964809196069837,2.6618812708184123,15,76,103,0
2026-05-15T07:44:01.937332,clean,sax,"{'w': 144, 'bins': 15}",46,0,4,0.46903615817427635,2.855153663083911,3.3279663203284144,15,101,139,0
2026-05-15T07:44:05.330563,clean,sax,"{'w': 144, 'bins': 15}",46,1,4,0.4681612951681018,2.8951225029304624,3.3668766729533672,15,101,139,0
2026-05-15T07:44:08.687411,clean,sax,"{'w': 144, 'bins': 15}",46,2,4,0.4690522374585271,2.8578556748107076,3.330614642240107,15,101,139,0
2026-05-15T07:44:12.088156,clean,sax,"{'w': 144, 'bins': 15}",46,3,4,0.4675519410520792,2.9037736244499683,3.3750955536961555,15,101,139,0
2026-05-15T07:44:15.456172,clean,sax,"{'w': 144, 'bins': 15}",46,4,4,0.4675635723397136,2.869981220923364,3.3412102553993464,15,101,139,0
2026-05-15T07:44:18.946838,clean,sax,"{'w': 144, 'bins': 15}",47,0,4,0.4808134697377682,2.9839175222441554,3.4685940239578485,15,61,91,0
2026-05-15T07:44:22.394753,clean,sax,"{'w': 144, 'bins': 15}",47,1,4,0.47837146557867527,2.9443672075867653,3.4264315459877253,15,61,91,0
2026-05-15T07:44:25.900821,clean,sax,"{'w': 144, 'bins': 15}",47,2,4,0.48180051147937775,2.998466587625444,3.484197889454663,15,61,91,0
2026-05-15T07:44:29.350192,clean,sax,"{'w': 144, 'bins': 15}",47,3,4,0.4802718423306942,2.9437840431928635,3.4277613423764706,15,61,91,0
2026-05-15T07:44:32.847043,clean,sax,"{'w': 144, 'bins': 15}",47,4,4,0.47477997187525034,2.996510966680944,3.47510330658406,15,61,91,0
2026-05-15T07:44:36.233437,clean,sax,"{'w': 144, 'bins': 15}",48,0,4,0.4898646427318454,2.865036497823894,3.3587789116427302,15,90,126,0
2026-05-15T07:44:39.666876,clean,sax,"{'w': 144, 'bins': 15}",48,1,4,0.4871246675029397,2.916753115132451,3.407646427862346,15,90,126,0
2026-05-15T07:44:43.055562,clean,sax,"{'w': 144, 'bins': 15}",48,2,4,0.49244353361427784,2.8663847595453262,3.3627802431583405,15,90,126,0
2026-05-15T07:44:46.489820,clean,sax,"{'w': 144, 'bins': 15}",48,3,4,0.48754917457699776,2.9169404776766896,3.408323720097542,15,90,126,0
2026-05-15T07:44:49.881590,clean,sax,"{'w': 144, 'bins': 15}",48,4,4,0.49026334192603827,2.871400357224047,3.3655965821817517,15,90,126,0
2026-05-15T07:44:53.522869,clean,sax,"{'w': 144, 'bins': 15}",49,0,4,0.49876300897449255,3.1108294259756804,3.6135313799604774,15,95,135,0
2026-05-15T07:44:57.133395,clean,sax,"{'w': 144, 'bins': 15}",49,1,4,0.5030561303719878,3.076463586650789,3.583528922870755,15,95,135,0
2026-05-15T07:45:00.782193,clean,sax,"{'w': 144, 'bins': 15}",49,2,4,0.49869518261402845,3.1196452667936683,3.622363042086363,15,95,135,0
2026-05-15T07:45:04.392401,clean,sax,"{'w': 144, 'bins': 15}",49,3,4,0.5017595654353499,3.077862170524895,3.5835842257365584,15,95,135,0
2026-05-15T07:45:08.044471,clean,sax,"{'w': 144, 'bins': 15}",49,4,4,0.5013211015611887,3.1203566631302238,3.6255017649382353,15,95,135,0
2026-05-15T07:45:11.721395,clean,sax,"{'w': 144, 'bins': 15}",50,0,4,0.5107565829530358,3.133920988999307,3.6486118091270328,15,100,139,0
2026-05-15T07:45:15.424582,clean,sax,"{'w': 144, 'bins': 15}",50,1,4,0.5129901599138975,3.1582020269706845,3.675231911242008,15,100,139,0
2026-05-15T07:45:19.091660,clean,sax,"{'w': 144, 'bins': 15}",50,2,4,0.5103964721783996,3.123917401768267,3.638336665928364,15,100,139,0
2026-05-15T07:45:22.810509,clean,sax,"{'w': 144, 'bins': 15}",50,3,4,0.5158876301720738,3.1700287899002433,3.690132205374539,15,100,139,0
2026-05-15T07:45:26.481409,clean,sax,"{'w': 144, 'bins': 15}",50,4,4,0.5126005206257105,3.1261991560459137,3.642851883545518,15,100,139,0
2026-05-15T07:45:26.864264,clean,persist,{'bins': 16},1,0,4,0.32860899064689875,0.032220679335296154,0.36116825602948666,15,54,58,0
2026-05-15T07:45:27.225924,clean,persist,{'bins': 16},1,1,4,0.32704839017242193,0.03230095095932484,0.3596486924216151,15,54,58,0
2026-05-15T07:45:27.588809,clean,persist,{'bins': 16},1,2,4,0.3281647153198719,0.032432256266474724,0.36089636478573084,15,54,58,0
2026-05-15T07:45:27.952957,clean,persist,{'bins': 16},1,3,4,0.3294688556343317,0.03238827548921108,0.36215525958687067,15,54,58,0
2026-05-15T07:45:28.316170,clean,persist,{'bins': 16},1,4,4,0.32859707716852427,0.03232656791806221,0.3612245302647352,15,54,58,0
2026-05-15T07:45:28.776621,clean,persist,{'bins': 16},2,0,4,0.338987585157156,0.11701953876763582,0.456434085033834,15,92,100,0
2026-05-15T07:45:29.239735,clean,persist,{'bins': 16},2,1,4,0.34250359516590834,0.11702747270464897,0.45996533427387476,15,92,100,0
2026-05-15T07:45:29.703951,clean,persist,{'bins': 16},2,2,4,0.34184672217816114,0.11866717226803303,0.46095898002386093,15,92,100,0
2026-05-15T07:45:30.163256,clean,persist,{'bins': 16},2,3,4,0.3393775774165988,0.11611570045351982,0.4559282250702381,15,92,100,0
2026-05-15T07:45:30.625697,clean,persist,{'bins': 16},2,4,4,0.3421302353963256,0.11678625084459782,0.45934863667935133,15,92,100,0
2026-05-15T07:45:31.349833,clean,persist,{'bins': 16},3,0,4,0.3549263561144471,0.3633599802851677,0.7188687296584249,15,101,115,0
2026-05-15T07:45:32.070855,clean,persist,{'bins': 16},3,1,4,0.3525368310511112,0.36346843373030424,0.716579532250762,15,101,115,0
2026-05-15T07:45:32.793733,clean,persist,{'bins': 16},3,2,4,0.35389826726168394,0.3639178480952978,0.7183903632685542,15,101,115,0
2026-05-15T07:45:33.515309,clean,persist,{'bins': 16},3,3,4,0.35329720936715603,0.36272001825273037,0.7165879290550947,15,101,115,0
2026-05-15T07:45:34.236290,clean,persist,{'bins': 16},3,4,4,0.3551257122308016,0.36078463587909937,0.7164882626384497,15,101,115,0
2026-05-15T07:45:35.361285,clean,persist,{'bins': 16},4,0,4,0.3599407821893692,0.7566033229231834,1.11727527808398,15,108,132,0
2026-05-15T07:45:36.437688,clean,persist,{'bins': 16},4,1,4,0.3592806402593851,0.7095857234671712,1.069617174565792,15,108,132,0
2026-05-15T07:45:37.506592,clean,persist,{'bins': 16},4,2,4,0.3567357137799263,0.7043227534741163,1.0617855228483677,15,108,132,0
2026-05-15T07:45:38.582586,clean,persist,{'bins': 16},4,3,4,0.3580644391477108,0.7104406384751201,1.0692393463104963,15,108,132,0
2026-05-15T07:45:39.658568,clean,persist,{'bins': 16},4,4,4,0.3601698409765959,0.7081893924623728,1.069105294533074,15,108,132,0
2026-05-15T07:45:41.146983,clean,persist,{'bins': 16},5,0,4,0.4102182015776634,1.067892606370151,1.4789552642032504,15,134,163,0
2026-05-15T07:45:42.676379,clean,persist,{'bins': 16},5,1,4,0.40644052904099226,1.1134194480255246,1.5207073977217078,15,134,163,0
2026-05-15T07:45:44.159507,clean,persist,{'bins': 16},5,2,4,0.4073689002543688,1.0645868107676506,1.4728466346859932,15,134,163,0
2026-05-15T07:45:45.646732,clean,persist,{'bins': 16},5,3,4,0.40900077391415834,1.0686930399388075,1.4785334207117558,15,134,163,0
2026-05-15T07:45:47.133011,clean,persist,{'bins': 16},5,4,4,0.4090401893481612,1.0680290535092354,1.4779181964695454,15,134,163,0
2026-05-15T07:45:49.396321,clean,persist,{'bins': 16},6,0,4,0.4122455660253763,1.8407429633662105,2.253978658467531,15,87,119,0
2026-05-15T07:45:51.603219,clean,persist,{'bins': 16},6,1,4,0.4097993839532137,1.7878300566226244,2.1986137982457876,15,87,119,0
2026-05-15T07:45:53.812135,clean,persist,{'bins': 16},6,2,4,0.4110796991735697,1.7888172194361687,2.2008717078715563,15,87,119,0
2026-05-15T07:45:56.026225,clean,persist,{'bins': 16},6,3,4,0.4110450129956007,1.793671022169292,2.2057095300406218,15,87,119,0
2026-05-15T07:45:58.282734,clean,persist,{'bins': 16},6,4,4,0.40968555118888617,1.837505916133523,2.2481600549072027,15,87,119,0
2026-05-15T07:46:00.722383,clean,persist,{'bins': 16},7,0,4,0.38836527429521084,2.038281667046249,2.427959785796702,15,100,134,0
2026-05-15T07:46:03.163757,clean,persist,{'bins': 16},7,1,4,0.3868419751524925,2.0427450155839324,2.4307303074747324,15,100,134,0
2026-05-15T07:46:05.649746,clean,persist,{'bins': 16},7,2,4,0.3891300708055496,2.0851204693317413,2.4754065508022904,15,100,134,0
2026-05-15T07:46:08.086017,clean,persist,{'bins': 16},7,3,4,0.3888558354228735,2.0352301178500056,2.425235902890563,15,100,134,0
2026-05-15T07:46:10.530725,clean,persist,{'bins': 16},7,4,4,0.38755252957344055,2.0455111991614103,2.4342071851715446,15,100,134,0
2026-05-15T07:46:13.677949,clean,persist,{'bins': 16},8,0,4,0.4442619439214468,2.6888039465993643,3.1343080224469304,15,108,141,0
2026-05-15T07:46:16.767966,clean,persist,{'bins': 16},8,1,4,0.4438915578648448,2.6322958897799253,3.077451651915908,15,108,141,0
2026-05-15T07:46:19.868444,clean,persist,{'bins': 16},8,2,4,0.443146999925375,2.64391316100955,3.0883260471746325,15,108,141,0
2026-05-15T07:46:23.029266,clean,persist,{'bins': 16},8,3,4,0.4479551874101162,2.698574931360781,3.1479578288272023,15,108,141,0
2026-05-15T07:46:26.120390,clean,persist,{'bins': 16},8,4,4,0.44361402560025454,2.6346239540725946,3.0795094771310687,15,108,141,0
2026-05-15T07:46:30.108090,clean,persist,{'bins': 16},9,0,4,0.4243357051163912,3.5466876942664385,3.97254900354892,15,122,168,0
2026-05-15T07:46:34.039106,clean,persist,{'bins': 16},9,1,4,0.42525625322014093,3.490069259889424,3.9167915247380733,15,122,168,0
2026-05-15T07:46:38.020430,clean,persist,{'bins': 16},9,2,4,0.4273109305649996,3.5379679230973125,3.9667108627036214,15,122,168,0
2026-05-15T07:46:41.966695,clean,persist,{'bins': 16},9,3,4,0.42465508449822664,3.506039783358574,3.932127387262881,15,122,168,0
2026-05-15T07:46:45.944002,clean,persist,{'bins': 16},9,4,4,0.4259133068844676,3.5355491740629077,3.962907304055989,15,122,168,0
2026-05-15T07:46:50.160767,clean,persist,{'bins': 16},10,0,4,0.4264185456559062,3.769955181516707,4.198027261532843,15,122,169,0
2026-05-15T07:46:54.432844,clean,persist,{'bins': 16},10,1,4,0.4271291298791766,3.827806528657675,4.256589613854885,15,122,169,0
2026-05-15T07:46:58.698942,clean,persist,{'bins': 16},10,2,4,0.4264680575579405,3.8221503105014563,4.250276151113212,15,122,169,0
2026-05-15T07:47:02.932332,clean,persist,{'bins': 16},10,3,4,0.4270671932026744,3.789390149526298,4.218107119202614,15,122,169,0
2026-05-15T07:47:07.202020,clean,persist,{'bins': 16},10,4,4,0.4269220605492592,3.8256803890690207,4.2542740777134895,15,122,169,0
2026-05-15T07:47:12.522674,clean,persist,{'bins': 16},11,0,4,0.4945968706160784,4.804765795357525,5.301208141259849,15,138,188,0
2026-05-15T07:47:17.855159,clean,persist,{'bins': 16},11,1,4,0.4933956367895007,4.818234941922128,5.313478018157184,15,138,188,0
2026-05-15T07:47:23.196485,clean,persist,{'bins': 16},11,2,4,0.49479604698717594,4.825998198240995,5.322639429010451,15,138,188,0
2026-05-15T07:47:28.529191,clean,persist,{'bins': 16},11,3,4,0.49500391632318497,4.817101736553013,5.313945977948606,15,138,188,0
2026-05-15T07:47:33.903952,clean,persist,{'bins': 16},11,4,4,0.4943016776815057,4.859654574654996,5.355817747302353,15,138,188,0
2026-05-15T07:47:40.359827,clean,persist,{'bins': 16},12,0,4,0.4932740591466427,5.938890983350575,6.434148865751922,15,139,192,0
2026-05-15T07:47:46.839817,clean,persist,{'bins': 16},12,1,4,0.49251359049230814,5.964178307913244,6.458677476271987,15,139,192,0
2026-05-15T07:47:53.318721,clean,persist,{'bins': 16},12,2,4,0.49248321261256933,5.961327135562897,6.455839007161558,15,139,192,0
2026-05-15T07:47:59.809681,clean,persist,{'bins': 16},12,3,4,0.4917061636224389,5.976380507461727,6.470096595585346,15,139,192,0
2026-05-15T07:48:06.247966,clean,persist,{'bins': 16},12,4,4,0.49396485555917025,5.921104855835438,6.41709057521075,15,139,192,0
2026-05-15T07:48:14.305610,clean,persist,{'bins': 16},13,0,4,0.5079541187733412,7.526851370930672,8.036941951140761,15,113,164,0
2026-05-15T07:48:22.285186,clean,persist,{'bins': 16},13,1,4,0.505612132139504,7.452194172888994,7.9599802773445845,15,113,164,0
2026-05-15T07:48:30.285373,clean,persist,{'bins': 16},13,2,4,0.5051094694063067,7.473006144165993,7.980330601334572,15,113,164,0
2026-05-15T07:48:38.255816,clean,persist,{'bins': 16},13,3,4,0.5046110525727272,7.443565306253731,7.950248478911817,15,113,164,0
2026-05-15T07:48:46.226640,clean,persist,{'bins': 16},13,4,4,0.5049795154482126,7.443963265046477,7.951037272810936,15,113,164,0
2026-05-15T07:48:53.670259,clean,persist,{'bins': 16},14,0,4,0.49861499574035406,6.925218998454511,7.426106361672282,15,58,91,0
2026-05-15T07:49:01.157636,clean,persist,{'bins': 16},14,1,4,0.4968145973980427,6.96911583095789,7.468157107941806,15,58,91,0
2026-05-15T07:49:08.621423,clean,persist,{'bins': 16},14,2,4,0.496192398481071,6.9485133942216635,7.4469632199034095,15,58,91,0
2026-05-15T07:49:16.073164,clean,persist,{'bins': 16},14,3,4,0.495648798532784,6.936820384114981,7.434736709110439,15,58,91,0
2026-05-15T07:49:23.511492,clean,persist,{'bins': 16},14,4,4,0.4979600580409169,6.921169240958989,7.421415600925684,15,58,91,0
2026-05-15T07:49:38.637866,clean,persist,{'bins': 16},15,0,4,0.47020614333450794,14.62674055248499,15.09948018193245,15,126,182,0
2026-05-15T07:49:53.559124,clean,persist,{'bins': 16},15,1,4,0.4698526803404093,14.422660201787949,14.895042560994625,15,126,182,0
2026-05-15T07:50:08.557568,clean,persist,{'bins': 16},15,2,4,0.46866221353411674,14.501834467984736,14.972962881438434,15,126,182,0
2026-05-15T07:50:23.592739,clean,persist,{'bins': 16},15,3,4,0.4689040584489703,14.538209122605622,15.009561006911099,15,126,182,0
2026-05-15T07:50:38.621858,clean,persist,{'bins': 16},15,4,4,0.46992247086018324,14.530668861232698,15.003037825226784,15,126,182,0
2026-05-15T07:50:51.495768,clean,persist,{'bins': 16},16,0,4,0.5254821768030524,12.325547203421593,12.853599235415459,15,75,111,0
2026-05-15T07:51:04.381956,clean,persist,{'bins': 16},16,1,4,0.523907020688057,12.340062819421291,12.866528113372624,15,75,111,0
2026-05-15T07:51:17.266454,clean,persist,{'bins': 16},16,2,4,0.5248115193098783,12.337742778472602,12.865117789246142,15,75,111,0
2026-05-15T07:51:30.189130,clean,persist,{'bins': 16},16,3,4,0.5238243257626891,12.376997827552259,12.903397277928889,15,75,111,0
2026-05-15T07:51:43.080750,clean,persist,{'bins': 16},16,4,4,0.5247062332928181,12.344149822369218,12.871371156536043,15,75,111,0
2026-05-15T07:51:55.894265,clean,persist,{'bins': 16},17,0,4,0.5427982667461038,12.245298986323178,12.79080279264599,15,82,131,0
2026-05-15T07:52:08.707684,clean,persist,{'bins': 16},17,1,4,0.5394013803452253,12.249860382638872,12.791949650272727,15,82,131,0
2026-05-15T07:52:21.565641,clean,persist,{'bins': 16},17,2,4,0.5399331385269761,12.29389431513846,12.836539003998041,15,82,131,0
2026-05-15T07:52:34.342902,clean,persist,{'bins': 16},17,3,4,0.5414599636569619,12.211501956917346,12.75571539066732,15,82,131,0
2026-05-15T07:52:47.269429,clean,persist,{'bins': 16},17,4,4,0.5394579265266657,12.362432574853301,12.904548110440373,15,82,131,0
2026-05-15T07:53:00.414018,clean,persist,{'bins': 16},18,0,4,0.5581571431830525,12.563980611041188,13.124916199594736,15,33,63,0
2026-05-15T07:53:13.538850,clean,persist,{'bins': 16},18,1,4,0.5574313905090094,12.543549096211791,13.103789140470326,15,33,63,0
2026-05-15T07:53:26.636453,clean,persist,{'bins': 16},18,2,4,0.5570877455174923,12.518487730063498,13.078438119962811,15,33,63,0
2026-05-15T07:53:39.726656,clean,persist,{'bins': 16},18,3,4,0.5588325001299381,12.509848205372691,13.071566733531654,15,33,63,0
2026-05-15T07:53:52.881135,clean,persist,{'bins': 16},18,4,4,0.5580521263182163,12.57457429356873,13.135487821884453,15,33,63,0
2026-05-15T07:54:09.502900,clean,persist,{'bins': 16},19,0,4,0.5720358295366168,16.02343079354614,16.598527339287102,15,42,78,0
2026-05-15T07:54:26.153271,clean,persist,{'bins': 16},19,1,4,0.5711937677115202,16.053279547952116,16.62753154616803,15,42,78,0
2026-05-15T07:54:42.868710,clean,persist,{'bins': 16},19,2,4,0.5696471445262432,16.120344479568303,16.693033234216273,15,42,78,0
2026-05-15T07:54:59.471353,clean,persist,{'bins': 16},19,3,4,0.5703989565372467,16.00655994657427,16.579987700097263,15,42,78,0
2026-05-15T07:55:16.114867,clean,persist,{'bins': 16},19,4,4,0.5705485362559557,16.047311109490693,16.620865680277348,15,42,78,0
2026-05-15T07:55:32.865505,clean,persist,{'bins': 16},20,0,4,0.6036831839010119,16.11972368322313,16.72669908683747,15,32,64,0
2026-05-15T07:55:49.471208,clean,persist,{'bins': 16},20,1,4,0.6036471156403422,15.97517544683069,16.582043739035726,15,32,64,0
2026-05-15T07:56:06.157037,clean,persist,{'bins': 16},20,2,4,0.6048660855740309,16.05373453721404,16.661800830624998,15,32,64,0
2026-05-15T07:56:22.867412,clean,persist,{'bins': 16},20,3,4,0.6048457883298397,16.076716258190572,16.68474279716611,15,32,64,0
2026-05-15T07:56:39.641806,clean,persist,{'bins': 16},20,4,4,0.606114367954433,16.141616876237094,16.750973952934146,15,32,64,0
2026-05-15T07:57:03.544408,clean,persist,{'bins': 16},21,0,4,0.6165181007236242,23.240381261333823,23.8602930130437,15,165,234,0
2026-05-15T07:57:27.337968,clean,persist,{'bins': 16},21,1,4,0.6173285832628608,23.13156838156283,23.75229971203953,15,165,234,0
2026-05-15T07:57:51.227015,clean,persist,{'bins': 16},21,2,4,0.6173028750345111,23.226606585085392,23.84726656321436,15,165,234,0
2026-05-15T07:58:15.036647,clean,persist,{'bins': 16},21,3,4,0.618105492554605,23.145908555947244,23.767318973317742,15,165,234,0
2026-05-15T07:58:39.022992,clean,persist,{'bins': 16},21,4,4,0.6179592069238424,23.31723569519818,23.938500268384814,15,165,234,0
2026-05-15T07:58:54.550785,clean,persist,{'bins': 16},22,0,4,0.5950494278222322,14.886722883209586,15.485229149460793,15,74,120,0
2026-05-15T07:59:10.126514,clean,persist,{'bins': 16},22,1,4,0.5922091556712985,14.953253802843392,15.548975312151015,15,74,120,0
2026-05-15T07:59:25.731669,clean,persist,{'bins': 16},22,2,4,0.5930311474949121,14.981914173811674,15.57842820044607,15,74,120,0
2026-05-15T07:59:41.271243,clean,persist,{'bins': 16},22,3,4,0.5912784291431308,14.917547827586532,15.512269590981305,15,74,120,0
2026-05-15T07:59:56.717589,clean,persist,{'bins': 16},22,4,4,0.5923119997605681,14.822626068256795,15.418433640152216,15,74,120,0
2026-05-15T08:00:18.184972,clean,persist,{'bins': 16},23,0,4,0.6310252388939261,20.788868005387485,21.423521085642278,15,169,238,0
2026-05-15T08:00:39.561677,clean,persist,{'bins': 16},23,1,4,0.6268760999664664,20.703237031586468,21.333644641563296,15,169,238,0
2026-05-15T08:01:01.030558,clean,persist,{'bins': 16},23,2,4,0.6310042897239327,20.789018555544317,21.42361531034112,15,169,238,0
2026-05-15T08:01:22.549803,clean,persist,{'bins': 16},23,3,4,0.6292548263445497,20.84275073185563,21.475594025105238,15,169,238,0
2026-05-15T08:01:44.039515,clean,persist,{'bins': 16},23,4,4,0.6313328566029668,20.811751874163747,21.446786199696362,15,169,238,0
2026-05-15T08:02:07.476868,clean,persist,{'bins': 16},24,0,4,0.5956649156287313,22.805526606738567,23.405140476301312,15,38,70,0
2026-05-15T08:02:30.819591,clean,persist,{'bins': 16},24,1,4,0.553148215636611,22.75672220159322,23.313729291781783,15,38,70,0
2026-05-15T08:02:54.260081,clean,persist,{'bins': 16},24,2,4,0.5518579939380288,22.855570991523564,23.411237825639546,15,38,70,0
2026-05-15T08:03:17.750970,clean,persist,{'bins': 16},24,3,4,0.5524524375796318,22.904902854003012,23.461209258064628,15,38,70,0
2026-05-15T08:03:41.173075,clean,persist,{'bins': 16},24,4,4,0.5531902778893709,22.836030944250524,23.39304167404771,15,38,70,0
2026-05-15T08:04:05.009561,clean,persist,{'bins': 16},25,0,4,0.6630885470658541,23.11336704902351,23.780350788496435,15,176,252,0
2026-05-15T08:04:29.073400,clean,persist,{'bins': 16},25,1,4,0.665561368688941,23.33714848384261,24.00668636802584,15,176,252,0
2026-05-15T08:04:53.007760,clean,persist,{'bins': 16},25,2,4,0.6654166085645556,23.20940829347819,23.87874261662364,15,176,252,0
2026-05-15T08:05:16.842116,clean,persist,{'bins': 16},25,3,4,0.6635354086756706,23.112091317772865,23.779645641334355,15,176,252,0
2026-05-15T08:05:40.707108,clean,persist,{'bins': 16},25,4,4,0.6656861556693912,23.138724591583014,23.808324464596808,15,176,252,0
2026-05-15T08:06:04.286444,clean,persist,{'bins': 16},26,0,4,0.6703352434560657,22.857434381730855,23.5317585747689,15,164,241,0
2026-05-15T08:06:27.965790,clean,persist,{'bins': 16},26,1,4,0.6686568642035127,22.96061336155981,23.63330719433725,15,164,241,0
2026-05-15T08:06:51.478309,clean,persist,{'bins': 16},26,2,4,0.6678872695192695,22.791425528004766,23.463360636495054,15,164,241,0
2026-05-15T08:07:14.940041,clean,persist,{'bins': 16},26,3,4,0.6659496119245887,22.744901669211686,23.414876077324152,15,164,241,0
2026-05-15T08:07:38.543587,clean,persist,{'bins': 16},26,4,4,0.6694792089983821,22.88354006782174,23.55695781018585,15,164,241,0
2026-05-15T08:08:03.741751,clean,persist,{'bins': 16},27,0,4,0.6532294023782015,24.503140858374536,25.160621471703053,15,72,113,0
2026-05-15T08:08:28.808365,clean,persist,{'bins': 16},27,1,4,0.6525049405172467,24.371307314373553,25.028115483932197,15,72,113,0
2026-05-15T08:08:53.804389,clean,persist,{'bins': 16},27,2,4,0.6503834202885628,24.304485489614308,24.959155476652086,15,72,113,0
2026-05-15T08:09:18.968981,clean,persist,{'bins': 16},27,3,4,0.654286477714777,24.468902055174112,25.12737578433007,15,72,113,0
2026-05-15T08:09:44.054012,clean,persist,{'bins': 16},27,4,4,0.6504016146063805,24.39395353384316,25.04855000320822,15,72,113,0
2026-05-15T08:10:35.504955,clean,persist,{'bins': 16},28,0,4,0.6880237059667706,50.7293194970116,51.421638095751405,15,9,31,0
2026-05-15T08:11:27.055479,clean,persist,{'bins': 16},28,1,4,0.6857537319883704,50.83232375793159,51.52230882272124,15,9,31,0
2026-05-15T08:12:19.037965,clean,persist,{'bins': 16},28,2,4,0.6849602730944753,51.26518105622381,51.95449867937714,15,9,31,0
2026-05-15T08:13:11.138473,clean,persist,{'bins': 16},28,3,4,0.686297845095396,51.381632392294705,52.07226973492652,15,9,31,0
2026-05-15T08:14:03.384281,clean,persist,{'bins': 16},28,4,4,0.6865347102284431,51.5271763689816,52.218091582879424,15,9,31,0
2026-05-15T08:14:51.869380,clean,persist,{'bins': 16},29,0,4,0.8040244532749057,47.63498869352043,48.44358859676868,15,73,120,0
2026-05-15T08:15:40.489632,clean,persist,{'bins': 16},29,1,4,0.8034952497109771,47.773502388969064,48.581464665941894,15,73,120,0
2026-05-15T08:16:28.666664,clean,persist,{'bins': 16},29,2,4,0.8013118831440806,47.33261852059513,48.138368404470384,15,73,120,0
2026-05-15T08:17:16.841816,clean,persist,{'bins': 16},29,3,4,0.8005944462493062,47.33111433684826,48.13642346486449,15,73,120,0
2026-05-15T08:18:05.179753,clean,persist,{'bins': 16},29,4,4,0.8001029044389725,47.49359648115933,48.298335769213736,15,73,120,0
2026-05-15T08:18:46.170712,clean,persist,{'bins': 16},30,0,4,0.7545667672529817,40.1977569963783,40.9570220541209,15,24,51,0
2026-05-15T08:19:27.018610,clean,persist,{'bins': 16},30,1,4,0.7547859298065305,40.05506913550198,40.81454646214843,15,24,51,0
2026-05-15T08:20:07.744778,clean,persist,{'bins': 16},30,2,4,0.7548232292756438,39.93355474155396,40.69302079733461,15,24,51,0
2026-05-15T08:20:48.855972,clean,persist,{'bins': 16},30,3,4,0.7536343391984701,40.319635229185224,41.07782785501331,15,24,51,0
2026-05-15T08:21:29.952338,clean,persist,{'bins': 16},30,4,4,0.7550708651542664,40.30323646683246,41.06298492383212,15,24,51,0
2026-05-15T08:21:59.831389,clean,persist,{'bins': 16},31,0,4,0.7071894751861691,29.117212910205126,29.82930098194629,15,77,120,0
2026-05-15T08:22:29.718378,clean,persist,{'bins': 16},31,1,4,0.7068960638716817,29.12851153127849,29.840262480080128,15,77,120,0
2026-05-15T08:22:59.549123,clean,persist,{'bins': 16},31,2,4,0.7041833326220512,29.075311372056603,29.78430904261768,15,77,120,0
2026-05-15T08:23:29.582146,clean,persist,{'bins': 16},31,3,4,0.7039371496066451,29.27745213545859,29.986251514405012,15,77,120,0
2026-05-15T08:23:59.454904,clean,persist,{'bins': 16},31,4,4,0.7052444349974394,29.116589825600386,29.82671806961298,15,77,120,0
2026-05-15T08:24:52.841216,clean,persist,{'bins': 16},32,0,4,0.7823754213750362,52.550022618845105,53.33727519586682,15,100,160,0
2026-05-15T08:25:46.916922,clean,persist,{'bins': 16},32,1,4,0.7833257848396897,53.23915453348309,54.027394474484026,15,100,160,0
2026-05-15T08:26:41.127010,clean,persist,{'bins': 16},32,2,4,0.7862442946061492,53.37086151819676,54.16203508712351,15,100,160,0
2026-05-15T08:27:35.414651,clean,persist,{'bins': 16},32,3,4,0.7820105170831084,53.452316206879914,54.23923739325255,15,100,160,0
2026-05-15T08:28:29.798298,clean,persist,{'bins': 16},32,4,4,0.7831281572580338,53.54843407403678,54.336443334817886,15,100,160,0
