Config;E1;E2;E3;E4;E5;E6;E7;E8;A[]1;A[]2;A1;A2;A3;A4;A5;A6;A7;A8;A9;P1;P2;P3;P4;P5;P6;P7;P8;P9
A-1trace-1day-sax-s5--w24-k4;1;0;1;1;1;1;0;0;1;1;1;1;0;1;1;0;0;0;0;>= 0.999631;>= 0.999631;>= 0.00036882;>= 0.999631;>= 0.999631;>= 0.999631;>= 0.999631;>= 0.00036882;>= 0.00036882
A-1trace-1day-sax-s5--w48-k4;1;0;1;1;1;1;0;0;1;1;0;1;0;1;1;0;0;0;0;0.575978 +/- 0.00973478;>= 0.999631;>= 0.00036882;>= 0.999631;>= 0.999631;>= 0.999631;>= 0.999631;>= 0.00036882;>= 0.00036882
A-1trace-1day-sax-s10--w24-k4;1;0;1;1;1;1;0;0;1;1;1;1;0;1;1;0;0;0;0;>= 0.999631;>= 0.999631;>= 0.00036882;>= 0.999631;>= 0.999631;>= 0.999631;>= 0.999631;>= 0.00036882;>= 0.00036882
A-1trace-1day-sax-s10--w48-k4;1;0;1;1;1;1;0;0;1;1;0;1;0;1;1;0;0;0;0;0.571779 +/- 0.00974708;>= 0.999631;>= 0.00036882;>= 0.999631;>= 0.999631;>= 0.999631;>= 0.999631;>= 0.00036882;>= 0.00036882
A-1trace-1day-sax-s15--w24-k4;1;0;1;1;1;1;0;0;1;1;1;1;0;1;1;0;0;0;0;>= 0.999631;>= 0.999631;>= 0.00036882;>= 0.999631;>= 0.999631;>= 0.999631;>= 0.999631;>= 0.00036882;>= 0.00036882
A-1trace-1day-sax-s15--w48-k4;1;0;1;1;1;1;0;0;1;1;0;1;0;1;1;0;0;0;0;0.572679 +/- 0.0097445;>= 0.999631;>= 0.00036882;>= 0.999631;>= 0.999631;>= 0.999631;>= 0.999631;>= 0.00036882;>= 0.00036882
A-10trace-1day-sax-s5--w24-k4;1;0;1;1;1;1;0;0;1;1;1;1;0;1;1;0;0;0;0;0.872691 +/- 0.00658026;>= 0.999631;>= 0.00036882;>= 0.999631;>= 0.999631;>= 0.999631;>= 0.999631;>= 0.00036882;>= 0.00036882
A-10trace-1day-sax-s5--w48-k4;1;0;1;1;1;1;0;0;1;1;1;1;0;1;1;0;0;0;0;0.793714 +/- 0.00797884;>= 0.999631;>= 0.00036882;>= 0.999631;>= 0.999631;>= 0.999631;>= 0.999631;>= 0.00036882;>= 0.00036882
A-10trace-1day-sax-s10--w24-k4;1;0;1;1;1;1;0;0;1;1;1;1;0;1;1;0;0;0;0;0.730533 +/- 0.00874443;>= 0.999631;>= 0.00036882;>= 0.999631;>= 0.999631;>= 0.999631;>= 0.999631;>= 0.00036882;>= 0.00036882
A-10trace-1day-sax-s10--w48-k4;1;0;1;1;1;1;0;0;1;1;1;1;0;1;1;0;0;0;0;0.487004 +/- 0.00984531;>= 0.999631;>= 0.00036882;>= 0.999631;>= 0.999631;>= 0.999631;>= 0.999631;>= 0.00036882;>= 0.00036882
A-10trace-1day-sax-s15--w24-k4;1;0;1;1;1;1;0;0;0;1;1;1;0;1;1;0;0;0;0;0.817807 +/- 0.00761343;>= 0.999631;>= 0.00036882;>= 0.999631;>= 0.999631;>= 0.999631;>= 0.999631;>= 0.00036882;>= 0.00036882
A-10trace-1day-sax-s15--w48-k4;1;0;1;1;1;1;0;0;0;1;0;1;0;1;1;0;0;0;0;0.525493 +/- 0.00983587;>= 0.999631;>= 0.00036882;>= 0.999631;>= 0.999631;>= 0.999631;>= 0.999631;>= 0.00036882;>= 0.00036882
A-20trace-1day-sax-s5--w24-k4;1;0;1;1;1;1;0;0;1;1;1;1;0;1;1;0;0;0;0;0.939071 +/- 0.00473404;>= 0.999631;>= 0.00036882;>= 0.999631;>= 0.999631;>= 0.999631;>= 0.999631;>= 0.00036882;>= 0.00036882
A-20trace-1day-sax-s5--w48-k4;1;0;1;1;1;1;0;0;1;1;1;1;0;1;1;0;0;0;0;0.951667 +/- 0.00424871;>= 0.999631;>= 0.00036882;>= 0.999631;>= 0.999631;>= 0.999631;>= 0.999631;>= 0.00036882;>= 0.00036882
A-20trace-1day-sax-s10--w24-k4;1;0;1;1;1;1;0;0;1;1;1;1;0;1;1;0;0;0;0;0.474607 +/- 0.00983597;>= 0.999631;>= 0.00036882;>= 0.999631;>= 0.999631;>= 0.999631;>= 0.999631;>= 0.00036882;>= 0.00036882
A-20trace-1day-sax-s10--w48-k4;1;0;1;1;1;1;0;0;1;1;1;1;0;1;1;0;0;0;0;0.461411 +/- 0.00981938;>= 0.999631;>= 0.00036882;>= 0.999631;>= 0.999631;>= 0.999631;>= 0.999631;>= 0.00036882;>= 0.00036882
A-20trace-1day-sax-s15--w24-k4;1;0;1;1;1;1;0;0;0;1;1;1;0;1;1;0;0;0;0;0.763423 +/- 0.00837771;>= 0.999631;>= 0.00036882;>= 0.999631;>= 0.999631;>= 0.999631;>= 0.999631;>= 0.00036882;>= 0.00036882
A-20trace-1day-sax-s15--w48-k4;1;0;1;1;1;1;0;0;0;1;0;1;0;1;1;0;0;0;0;0.428921 +/- 0.00974906;>= 0.999631;>= 0.00036882;>= 0.999631;>= 0.999631;>= 0.999631;>= 0.999631;>= 0.00036882;>= 0.00036882
A-30trace-1day-sax-s5--w24-k4;1;0;1;1;1;1;0;0;1;1;1;1;0;1;1;0;0;0;0;0.90918 +/- 0.00567871;>= 0.999631;>= 0.00036882;>= 0.999631;>= 0.999631;>= 0.999631;>= 0.999631;>= 0.00036882;>= 0.00036882
A-30trace-1day-sax-s5--w48-k4;1;0;1;1;1;1;0;0;1;1;1;1;0;1;1;0;0;0;0;0.835102 +/- 0.00732096;>= 0.999631;>= 0.00036882;>= 0.999631;>= 0.999631;>= 0.999631;>= 0.999631;>= 0.00036882;>= 0.00036882
A-30trace-1day-sax-s10--w24-k4;1;0;1;1;1;1;0;0;1;1;1;1;0;1;1;0;0;0;0;0.605569 +/- 0.00962762;>= 0.999631;>= 0.00036882;>= 0.999631;>= 0.999631;>= 0.999631;>= 0.999631;>= 0.00036882;>= 0.00036882
A-30trace-1day-sax-s10--w48-k4;1;0;1;1;1;1;0;0;1;1;0;1;0;1;1;0;0;0;0;0.387033 +/- 0.00959514;>= 0.999631;>= 0.00036882;>= 0.999631;>= 0.999631;>= 0.999631;>= 0.999631;>= 0.00036882;>= 0.00036882
A-30trace-1day-sax-s15--w24-k4;1;0;1;1;1;1;0;0;0;1;1;1;0;1;1;0;0;0;0;0.63816 +/- 0.00946694;>= 0.999631;>= 0.00036882;>= 0.999631;>= 0.999631;>= 0.999631;>= 0.999631;>= 0.00036882;>= 0.00036882
A-30trace-1day-sax-s15--w48-k4;1;0;1;1;1;1;0;0;0;1;0;1;0;1;1;0;0;0;0;0.399929 +/- 0.00965027;>= 0.999631;>= 0.00036882;>= 0.999631;>= 0.999631;>= 0.999631;>= 0.999631;>= 0.00036882;>= 0.00036882
A-40trace-1day-sax-s5--w24-k4;1;0;1;1;1;1;0;0;0;1;1;1;0;1;1;0;0;0;0;0.90868 +/- 0.00569265;>= 0.999631;>= 0.00036882;>= 0.999631;>= 0.999631;>= 0.999631;>= 0.999631;>= 0.00036882;>= 0.00036882
A-40trace-1day-sax-s5--w48-k4;1;0;1;1;1;1;0;0;0;1;1;1;0;1;1;0;0;0;0;0.852397 +/- 0.00699969;>= 0.999631;>= 0.00036882;>= 0.999631;>= 0.999631;>= 0.999631;>= 0.999631;>= 0.00036882;>= 0.00036882
A-40trace-1day-sax-s10--w24-k4;1;0;1;1;1;1;0;0;0;1;1;1;0;1;1;0;0;0;0;0.678648 +/- 0.00920152;>= 0.999631;>= 0.00036882;>= 0.999631;>= 0.999631;>= 0.999631;>= 0.999631;>= 0.00036882;>= 0.00036882
A-40trace-1day-sax-s10--w48-k4;1;0;1;1;1;1;0;0;0;1;1;1;0;1;1;0;0;0;0;0.60497 +/- 0.00963392;>= 0.999631;>= 0.00036882;>= 0.999631;>= 0.999631;>= 0.999631;>= 0.999631;>= 0.00036882;>= 0.00036882
A-40trace-1day-sax-s15--w48-k4;1;0;1;1;1;1;0;0;0;1;0;1;0;1;1;0;0;0;0;0.46731 +/- 0.00982764;>= 0.999631;>= 0.00036882;>= 0.999631;>= 0.999631;>= 0.999631;>= 0.999631;>= 0.00036882;>= 0.00036882
A-50trace-1day-sax-s5--w24-k4;1;0;1;1;1;1;0;0;0;1;1;1;0;1;1;0;0;0;0;0.871391 +/- 0.00660865;>= 0.999631;>= 0.00036882;>= 0.999631;>= 0.999631;>= 0.999631;>= 0.999631;>= 0.00036882;>= 0.00036882
A-50trace-1day-sax-s5--w48-k4;1;0;1;1;1;1;0;0;0;1;1;1;0;1;1;0;0;0;0;0.850198 +/- 0.00704228;>= 0.999631;>= 0.00036882;>= 0.999631;>= 0.999631;>= 0.999631;>= 0.999631;>= 0.00036882;>= 0.00036882
A-50trace-1day-sax-s10--w24-k4;1;0;1;1;1;1;0;0;0;1;1;1;0;1;1;0;0;0;0;0.715637 +/- 0.00889006;>= 0.999631;>= 0.00036882;>= 0.999631;>= 0.999631;>= 0.999631;>= 0.999631;>= 0.00036882;>= 0.00036882
A-50trace-1day-sax-s10--w48-k4;1;0;1;1;1;1;0;0;0;1;1;1;0;1;1;0;0;0;0;0.536389 +/- 0.00982262;>= 0.999631;>= 0.00036882;>= 0.999631;>= 0.999631;>= 0.999631;>= 0.999631;>= 0.00036882;>= 0.00036882
A-50trace-1day-sax-s15--w48-k4;1;0;1;1;1;1;0;0;0;1;0;1;0;1;1;0;0;0;0;0.448815 +/- 0.00979712;>= 0.999631;>= 0.00036882;>= 0.999631;>= 0.999631;>= 0.999631;>= 0.999631;>= 0.00036882;>= 0.00036882